Client name,Industry,Interview Type,Ques1,Ques2,Ques3,Ques4,Ques5,Observed Attendance
Hospira,Pharmaceuticals,Scheduled Walkin,Yes,Yes,Yes,Yes,Yes,No
Hospira,Pharmaceuticals,Scheduled Walkin,Yes,Yes,Yes,Yes,Yes,No
Hospira,Pharmaceuticals,Scheduled Walkin,unknown,unknown,unknown,unknown,unknown,No
Hospira,Pharmaceuticals,Scheduled Walkin,Yes,No,Yes,No,Yes,No
Hospira,Pharmaceuticals,Scheduled Walkin,Yes,Yes,No,Yes,Yes,No
Aon Hewitt,IT Services,Scheduled Walkin,Yes,Yes,Yes,Yes,Yes,Yes
Aon Hewitt,IT Services,Scheduled Walkin,Yes,Yes,Yes,Yes,Yes,Yes
Aon Hewitt,IT Services,Scheduled Walkin,Yes,Yes,Yes,Yes,Yes,Yes
Aon Hewitt,IT Services,Scheduled Walkin,Yes,Yes,Yes,Yes,Yes,Yes
Aon Hewitt,IT Services,Scheduled Walkin,Yes,Yes,Yes,Yes,Yes,No
UST,IT Services,Scheduled Walkin,Yes,Yes,Yes,Yes,Yes,Yes
UST,IT Services,Scheduled Walkin,No,No,No,Yes,Yes,No
UST,IT Services,Scheduled Walkin,Yes,Yes,Yes,Yes,Yes,Yes
UST,IT Services,Scheduled Walkin,No,Yes,Yes,Yes,No,Yes
UST,IT,Walkin,No,Yes,Yes,No,No,No
UST,IT Services,Scheduled Walkin,Yes,No,No,No,Yes,Yes
UST,IT Services,Scheduled Walkin,Yes,Yes,Yes,No,Yes,Yes
UST,IT Services,Scheduled Walkin,Yes,Yes,Yes,No,Yes,Yes
UST,IT Services,Scheduled Walkin,No,Yes,No,No,Yes,No
UST,IT Services,Scheduled Walkin,Yes,Yes,Yes,No,Yes,Yes
UST,IT Services,Scheduled Walkin,Yes,Yes,Yes,No,Yes,No
UST,IT Services,Scheduled Walkin,No,Yes,Yes,No,No,No
UST,IT Services,Scheduled Walkin,Yes,Yes,Yes,No,Yes,Yes
UST,IT Services,Scheduled Walkin,Yes,Yes,Yes,No,Yes,Yes
UST,IT Services,Scheduled Walkin,Yes,Yes,Yes,Yes,Yes,Yes
UST,IT Services,Scheduled Walkin,Yes,Yes,No,No,Yes,No
UST,IT Services,Scheduled Walkin,No,Yes,Yes,Yes,No,No
UST,IT Services,Scheduled Walkin,No,Yes,Yes,Yes,No,No
UST,IT Services,Scheduled Walkin,No,Yes,Yes,No,No,No
Standard Chartered Bank,BFSI,Scheduled Walkin,Yes,Yes,Yes,Yes,Yes,Yes
Standard Chartered Bank,BFSI,Scheduled Walkin,Yes,Yes,Yes,Yes,Yes,Yes
Standard Chartered Bank,BFSI,Scheduled Walkin,Yes,Yes,Yes,Yes,Yes,Yes
Standard Chartered Bank,BFSI,Scheduled Walkin,Yes,Yes,No,Yes,No,No
Standard Chartered Bank,BFSI,Scheduled Walkin,Yes,Yes,Yes,Yes,Yes,Yes
Standard Chartered Bank,BFSI,Scheduled Walkin,No,Yes,Yes,Yes,Yes,No
Standard Chartered Bank,BFSI,Scheduled Walkin,No,Yes,No,Yes,Yes,No
Standard Chartered Bank,BFSI,Scheduled Walkin,No,Yes,Yes,Yes,Yes,Yes
Standard Chartered Bank,BFSI,Scheduled Walkin,No,Yes,Yes,Yes,Yes,Yes
Standard Chartered Bank,BFSI,Scheduled Walkin,No,Yes,Yes,unknown,Yes,No
Standard Chartered Bank,BFSI,Scheduled Walkin,No,Yes,Yes,unknown,Yes,Yes
Standard Chartered Bank,BFSI,Scheduled Walkin,No,Yes,Yes,unknown,Yes,Yes
Standard Chartered Bank,BFSI,Scheduled Walkin,No,Yes,Yes,No,Yes,No
Standard Chartered Bank,BFSI,Scheduled Walkin,No,Yes,Yes,unknown,Yes,Yes
Standard Chartered Bank,BFSI,Scheduled Walkin,No,Yes,No,No,Yes,No
Standard Chartered Bank,BFSI,Scheduled Walkin,No,Yes,Yes,No,Yes,Yes
Standard Chartered Bank,BFSI,Scheduled Walkin,No,Yes,Yes,unknown,Yes,No
Standard Chartered Bank,BFSI,Scheduled Walkin,No,Yes,Yes,unknown,Yes,Yes
Standard Chartered Bank,BFSI,Scheduled Walkin,No,Yes,Yes,unknown,No,Yes
Standard Chartered Bank,BFSI,Scheduled Walkin,No,Yes,Yes,unknown,Yes,Yes
Standard Chartered Bank,BFSI,Scheduled Walkin,No,Yes,Yes,No,Yes,Yes
Standard Chartered Bank,BFSI,Scheduled Walkin,No,Yes,No,No,Yes,Yes
Standard Chartered Bank,BFSI,Scheduled Walkin,No,Yes,No,No,Yes,Yes
Standard Chartered Bank,BFSI,Scheduled Walkin,No,Yes,No,Yes,Yes,No
Standard Chartered Bank,BFSI,Scheduled Walkin,No,Yes,No,Yes,Yes,Yes
Standard Chartered Bank,BFSI,Scheduled Walkin,No,Yes,No,Yes,Yes,No
Standard Chartered Bank,BFSI,Scheduled Walkin,Yes,Yes,No,Yes,Yes,Yes
Standard Chartered Bank,BFSI,Scheduled Walkin,Yes,Yes,No,Yes,Yes,Yes
Standard Chartered Bank,BFSI,Scheduled Walkin,Yes,Yes,No,Yes,Yes,Yes
Standard Chartered Bank,BFSI,Scheduled Walkin,Yes,Yes,No,Yes,Yes,Yes
Standard Chartered Bank,BFSI,Scheduled Walkin,Yes,Yes,No,Yes,Yes,No
Standard Chartered Bank,BFSI,Scheduled Walkin,Yes,Yes,No,Yes,Yes,No
Standard Chartered Bank,BFSI,Scheduled Walkin,Yes,Yes,No,Yes,Yes,No
Standard Chartered Bank,BFSI,Scheduled Walkin,Yes,Yes,No,Yes,Yes,Yes
Standard Chartered Bank,BFSI,Scheduled Walkin,Yes,Yes,No,Yes,Yes,Yes
Standard Chartered Bank,BFSI,Scheduled Walkin,Yes,Yes,No,Yes,Yes,Yes
Standard Chartered Bank,BFSI,Scheduled Walkin,Yes,Yes,No,Yes,Yes,Yes
Standard Chartered Bank,BFSI,Scheduled Walkin,Yes,Yes,No,Yes,Yes,No
Standard Chartered Bank,BFSI,Scheduled Walkin,Yes,Yes,No,Yes,Yes,Yes
Standard Chartered Bank,BFSI,Scheduled Walkin,Yes,Yes,No,Yes,Yes,Yes
Standard Chartered Bank,BFSI,Scheduled Walkin,Yes,Yes,No,Yes,Yes,Yes
Standard Chartered Bank,BFSI,Scheduled Walkin,Yes,Yes,No,Yes,Yes,Yes
Standard Chartered Bank,BFSI,Scheduled Walkin,Yes,Yes,No,Yes,Yes,Yes
Standard Chartered Bank,BFSI,Scheduled Walkin,Yes,Yes,No,Yes,Yes,Yes
Standard Chartered Bank,BFSI,Scheduled Walkin,Yes,Yes,No,Yes,Yes,Yes
Standard Chartered Bank,BFSI,Scheduled Walkin,unknown,Yes,No,Yes,Yes,Yes
Standard Chartered Bank,BFSI,Scheduled Walkin,unknown,Yes,No,Yes,Yes,Yes
Standard Chartered Bank,BFSI,Scheduled Walkin,unknown,Yes,No,Yes,Yes,Yes
Standard Chartered Bank,BFSI,Scheduled Walkin,unknown,Yes,No,Yes,Yes,Yes
Standard Chartered Bank,BFSI,Scheduled Walkin,unknown,Yes,No,Yes,Yes,No
Standard Chartered Bank,BFSI,Scheduled Walkin,unknown,Yes,No,Yes,Yes,No
Standard Chartered Bank,BFSI,Scheduled Walkin,unknown,Yes,No,Yes,Yes,Yes
Standard Chartered Bank,BFSI,Scheduled Walkin,unknown,Yes,No,Yes,Yes,No
Standard Chartered Bank,BFSI,Scheduled Walkin,Yes,Yes,No,Yes,Yes,Yes
Standard Chartered Bank,BFSI,Scheduled Walkin,Yes,Yes,Yes,Yes,Yes,No
Standard Chartered Bank,BFSI,Scheduled Walkin,Yes,Yes,Yes,Yes,Yes,Yes
Standard Chartered Bank,BFSI,Scheduled Walkin,Yes,Yes,Yes,Yes,No,No
Standard Chartered Bank,BFSI,Scheduled Walkin,No,Yes,Yes,No,Yes,No
Standard Chartered Bank,BFSI,Scheduled Walkin,No,Yes,No,Yes,Yes,No
Standard Chartered Bank,BFSI,Scheduled Walkin,Yes,Yes,No,Yes,Yes,No
Standard Chartered Bank,BFSI,Scheduled Walkin,No,Yes,Yes,Yes,Yes,No
Standard Chartered Bank,BFSI,Scheduled Walkin,No,Yes,Yes,Yes,No,No
Standard Chartered Bank,BFSI,Scheduled Walkin,Yes,Yes,Yes,Yes,Yes,Yes
Standard Chartered Bank,BFSI,Scheduled Walkin,Yes,Yes,Yes,Yes,Yes,Yes
Standard Chartered Bank,BFSI,Scheduled Walkin,Yes,Yes,Yes,Yes,Yes,No
Standard Chartered Bank,BFSI,Scheduled Walkin,Yes,Yes,Yes,Yes,Yes,No
Standard Chartered Bank,BFSI,Scheduled Walkin,Yes,Yes,Yes,Yes,Yes,Yes
Standard Chartered Bank,BFSI,Scheduled Walkin,Yes,Yes,Yes,Yes,Yes,No
Standard Chartered Bank,BFSI,Scheduled Walkin,Yes,Yes,Yes,Yes,Yes,No
Standard Chartered Bank,BFSI,Scheduled Walkin,Yes,Yes,Yes,Yes,Yes,Yes
Standard Chartered Bank,BFSI,Scheduled Walkin,Yes,Yes,Yes,Yes,Yes,Yes
Standard Chartered Bank,BFSI,Scheduled Walkin,Yes,Yes,Yes,Yes,Yes,Yes
Standard Chartered Bank,BFSI,Scheduled Walkin,Yes,Yes,Yes,Yes,Yes,No
Standard Chartered Bank,BFSI,Scheduled Walkin,Yes,Yes,Yes,Yes,Yes,Yes
Standard Chartered Bank,BFSI,Scheduled Walkin,Yes,Yes,Yes,Yes,Yes,Yes
Standard Chartered Bank,BFSI,Scheduled Walkin,Yes,Yes,Yes,Yes,Yes,No
Standard Chartered Bank,BFSI,Scheduled Walkin,Yes,Yes,Yes,Yes,Yes,Yes
Standard Chartered Bank,BFSI,Scheduled Walkin,Yes,Yes,Yes,Yes,Yes,Yes
Standard Chartered Bank,BFSI,Scheduled Walkin,Yes,Yes,Yes,Yes,Yes,Yes 
Standard Chartered Bank,BFSI,Scheduled Walkin,Yes,Yes,Yes,Yes,Yes,Yes
Standard Chartered Bank,BFSI,Scheduled Walkin,Yes,Yes,Yes,Yes,Yes,No
Standard Chartered Bank,BFSI,Scheduled Walkin,Yes,Yes,Yes,Yes,Yes,No
Standard Chartered Bank,BFSI,Scheduled Walkin,Yes,Yes,Yes,Yes,Yes,Yes
Standard Chartered Bank,BFSI,Scheduled Walkin,Yes,Yes,Yes,Yes,Yes,Yes
Standard Chartered Bank,BFSI,Scheduled Walkin,No,Yes,Yes,Yes,Yes,No
Standard Chartered Bank,BFSI,Scheduled Walkin,No,Yes,Yes,Yes,Yes,Yes
Standard Chartered Bank,BFSI,Scheduled Walkin,No,Yes,Yes,Yes,Yes,Yes
Standard Chartered Bank,BFSI,Scheduled Walkin,No,Yes,Yes,Yes,Yes,Yes
Standard Chartered Bank,BFSI,Scheduled Walkin,No,Yes,Yes,Yes,Yes,Yes
Standard Chartered Bank,BFSI,Scheduled Walkin,No,Yes,Yes,Yes,Yes,No
Standard Chartered Bank,BFSI,Scheduled Walkin,No,Yes,Yes,Yes,Yes,Yes
Standard Chartered Bank,BFSI,Scheduled Walkin,No,Yes,Yes,Yes,Yes,Yes
Standard Chartered Bank,BFSI,Scheduled Walkin,No,No,No,No,Yes,No
Standard Chartered Bank,BFSI,Scheduled Walkin,No,Yes,Yes,Yes,Yes,No
Standard Chartered Bank,BFSI,Scheduled Walkin,No,Yes,Yes,Yes,Yes,Yes
Standard Chartered Bank,BFSI,Scheduled Walkin,No,No,No,unknown,No,Yes
Standard Chartered Bank,BFSI,Scheduled Walkin,No,Yes,Yes,No,No,No
Standard Chartered Bank,BFSI,Scheduled Walkin,Yes,Yes,Yes,Yes,Yes,Yes
Standard Chartered Bank,BFSI,Scheduled Walkin,No,Yes,Yes,No,No,No
Standard Chartered Bank,BFSI,Scheduled Walkin,Yes,Yes,Yes,Yes,Yes,No
Standard Chartered Bank,BFSI,Scheduled Walkin,Yes,Yes,Yes,Yes,Yes,Yes
Standard Chartered Bank,BFSI,Scheduled Walkin,Yes,Yes,Yes,Yes,Yes,Yes
Standard Chartered Bank,BFSI,Scheduled Walkin,Yes,Yes,Yes,Yes,Yes,No
Standard Chartered Bank,BFSI,Scheduled Walkin,Yes,Yes,Yes,Yes,Yes,Yes
Standard Chartered Bank,BFSI,Scheduled Walkin,Yes,Yes,Yes,Yes,Yes,Yes
ANZ,BFSI,Scheduled Walkin,Yes,Yes,Yes,Yes,Yes,Yes
ANZ,BFSI,Scheduled Walkin,Yes,Yes,Yes,Yes,Yes,Yes
ANZ,BFSI,Scheduled ,Yes,Yes,Yes,Yes,Yes,Yes
ANZ,BFSI,Scheduled ,Yes,Yes,Yes,Yes,Yes,Yes
ANZ,BFSI,Scheduled ,Yes,Yes,Yes,Yes,Yes,Yes
ANZ,BFSI,Scheduled ,Yes,Yes,Yes,Yes,Yes,Yes
ANZ,BFSI,Scheduled ,Yes,Yes,Yes,Yes,Yes,No 
ANZ,BFSI,Scheduled ,Yes,Yes,Yes,Yes,Yes,Yes
ANZ,BFSI,Scheduled ,Yes,Yes,Yes,Yes,Yes,No
ANZ,BFSI,Scheduled ,Yes,Yes,Yes,Yes,Yes,Yes
ANZ,BFSI,Scheduled ,Yes,Yes,Yes,Yes,Yes,Yes
ANZ,BFSI,Scheduled ,Yes,Yes,Yes,Yes,Yes,Yes
ANZ,BFSI,Scheduled ,Yes,Yes,Yes,Yes,Yes,Yes
ANZ,BFSI,Scheduled ,Yes,Yes,Yes,Yes,Yes,Yes
ANZ,BFSI,Scheduled ,Yes,Yes,Yes,Yes,Yes,Yes
ANZ,BFSI,Scheduled ,Yes,Yes,Yes,Yes,Yes,unknown
ANZ,BFSI,Scheduled ,Yes,Yes,Yes,Yes,Yes,unknown
ANZ,BFSI,Scheduled ,Yes,Yes,Yes,Yes,Yes,unknown
ANZ,BFSI,Scheduled ,No,Yes,Yes,Yes,Yes,unknown
ANZ,BFSI,Scheduled ,No,Yes,Yes,Yes,Yes,unknown
ANZ,BFSI,Scheduled ,No,Yes,Yes,Yes,Yes,unknown
ANZ,BFSI,Scheduled ,No,Yes,Yes,Yes,Yes,Yes
Standard Chartered Bank,BFSI,Walkin,No,Yes,Yes,Yes,Yes,Yes
Standard Chartered Bank,BFSI,Walkin,No,Yes,Yes,Yes,Yes,unknown
Standard Chartered Bank,BFSI,Walkin,No,Yes,Yes,Yes,Yes,unknown
Standard Chartered Bank,BFSI,Walkin,No,Yes,Yes,Yes,No,yes
Standard Chartered Bank,BFSI,Walkin,unknown,Yes,Yes,Yes,Yes,Yes
Standard Chartered Bank,BFSI,Walkin,No,Yes,Yes,No,yes,yes
Standard Chartered Bank,BFSI,Walkin,No,Yes,Yes,No,No,yes
Standard Chartered Bank,BFSI,Walkin,No,Yes,Yes,Yes,Yes,unknown
Standard Chartered Bank,BFSI,Walkin,No,Yes,Yes,Yes,Yes,unknown
Standard Chartered Bank,BFSI,Walkin,No,Yes,Yes,Yes,Yes,unknown
Standard Chartered Bank,BFSI,Walkin,No,Yes,Yes,Yes,Yes,unknown
Standard Chartered Bank,BFSI,Walkin,No,Yes,Yes,Yes,Yes,Yes
Standard Chartered Bank,BFSI,Walkin,Yes,Yes,Yes,Yes,Yes,No
Standard Chartered Bank,BFSI,Walkin,Yes,Yes,Yes,Yes,Yes,Yes
Standard Chartered Bank,BFSI,Walkin,Yes,Yes,Yes,Yes,Yes,Yes
Standard Chartered Bank,BFSI,Walkin,Yes,Yes,Yes,Yes,Yes,Yes
Standard Chartered Bank,BFSI,Walkin,Yes,Yes,Yes,Yes,Yes,No
Standard Chartered Bank,BFSI,Walkin,Yes,Yes,Yes,Yes,Yes,No
Standard Chartered Bank,BFSI,Walkin,Yes,Yes,Yes,Yes,Yes,Yes
Standard Chartered Bank,BFSI,Walkin,Yes,Yes,Yes,Yes,Yes,Yes
Standard Chartered Bank,BFSI,Walkin,Yes,Yes,Yes,Yes,Yes,Yes
Standard Chartered Bank,BFSI,Walkin,Yes,Yes,Yes,Yes,Yes,Yes
Standard Chartered Bank,BFSI,Walkin,Yes,Yes,Yes,Yes,Yes,No
Standard Chartered Bank,BFSI,Walkin,Yes,Yes,Yes,Yes,Yes,Yes
Standard Chartered Bank,BFSI,Walkin,Yes,Yes,Yes,Yes,Yes,Yes
Standard Chartered Bank,BFSI,Walkin,Yes,Yes,Yes,Yes,Yes,No
Standard Chartered Bank,BFSI,Walkin,Yes,Yes,Yes,Yes,Yes,No
Standard Chartered Bank,BFSI,Walkin,unknown,Yes,Yes,Yes,Yes,Yes
Standard Chartered Bank,BFSI,Walkin,Yes,Yes,Yes,Yes,Yes,Yes
Standard Chartered Bank,BFSI,Walkin,Yes,Yes,Yes,Yes,Yes,Yes
Standard Chartered Bank,BFSI,Walkin,Yes,Yes,Yes,Yes,Yes,No
Standard Chartered Bank,BFSI,Walkin,unknown,Yes,Yes,Yes,Yes,No
Standard Chartered Bank,BFSI,Walkin,Yes,Yes,Yes,Yes,Yes,No
Standard Chartered Bank,BFSI,Walkin,Yes,Yes,Yes,Yes,Yes,No
Standard Chartered Bank,BFSI,Walkin,Yes,Yes,Yes,Yes,Yes,No
Standard Chartered Bank,BFSI,Walkin,Yes,Yes,Yes,Yes,Yes,No
Standard Chartered Bank,BFSI,Walkin,Yes,Yes,Yes,Yes,Yes,No
Standard Chartered Bank,BFSI,Walkin,Yes,Yes,Yes,Yes,Yes,No
Standard Chartered Bank,BFSI,Walkin,Yes,Yes,Yes,Yes,Yes,No
Standard Chartered Bank,BFSI,Walkin,Yes,Yes,Yes,Yes,Yes,No
Standard Chartered Bank,BFSI,Walkin,Yes,Yes,Yes,Yes,Yes,No
Standard Chartered Bank,BFSI,Walkin,Yes,Yes,Yes,Yes,Yes,No
Standard Chartered Bank,BFSI,Walkin,Yes,Yes,Yes,Yes,Yes,No
Standard Chartered Bank,BFSI,Walkin,Yes,Yes,Yes,Yes,Yes,No
Standard Chartered Bank,BFSI,Walkin,Yes,Yes,Yes,Yes,Yes,No
Standard Chartered Bank,BFSI,Walkin,Yes,Yes,Yes,Yes,Yes,No
Standard Chartered Bank,BFSI,Walkin,Yes,Yes,Yes,Yes,Yes,No
Standard Chartered Bank,BFSI,Walkin,Yes,Yes,Yes,Yes,Yes,No
Standard Chartered Bank,BFSI,Walkin,Yes,Yes,Yes,Yes,Yes,No
Standard Chartered Bank,BFSI,Walkin,Yes,Yes,Yes,Yes,Yes,No
Standard Chartered Bank,BFSI,Walkin,Yes,Yes,Yes,Yes,Yes,No
Standard Chartered Bank,BFSI,Walkin,Yes,Yes,Yes,Yes,Yes,No
Standard Chartered Bank,BFSI,Walkin,unknown,Yes,Yes,Yes,Yes,No
Standard Chartered Bank,BFSI,Walkin,Yes,Yes,Yes,Yes,Yes,No
Standard Chartered Bank,BFSI,Walkin,Yes,Yes,Yes,Yes,Yes,No
Standard Chartered Bank,BFSI,Walkin,Yes,Yes,Yes,Yes,Yes,No
Standard Chartered Bank,BFSI,Walkin,Yes,Yes,Yes,Yes,Yes,No
Standard Chartered Bank,BFSI,Walkin,Yes,Yes,Yes,Yes,Yes,No
Standard Chartered Bank,BFSI,Walkin,Yes,Yes,Yes,Yes,Yes,No
Standard Chartered Bank,BFSI,Walkin,Yes,Yes,Yes,Yes,Yes,No
Standard Chartered Bank,BFSI,Walkin,Yes,Yes,Yes,Yes,Yes,No
Standard Chartered Bank,BFSI,Walkin,Yes,Yes,Yes,Yes,Yes,No
Standard Chartered Bank,BFSI,Walkin,Yes,Yes,Yes,Yes,Yes,No
Standard Chartered Bank,BFSI,Walkin,Yes,Yes,Yes,Yes,Yes,No
Standard Chartered Bank,BFSI,Walkin,Yes,Yes,Yes,Yes,Yes,No
Standard Chartered Bank,BFSI,Walkin,Yes,Yes,Yes,Yes,Yes,No
Standard Chartered Bank,BFSI,Walkin,Yes,Yes,Yes,Yes,Yes,No
Standard Chartered Bank,BFSI,Walkin,Yes,Yes,Yes,Yes,Yes,No
Standard Chartered Bank,BFSI,Walkin,Yes,Yes,Yes,Yes,Yes,No
Standard Chartered Bank,BFSI,Walkin,Yes,Yes,Yes,Yes,Yes,No
Standard Chartered Bank,BFSI,Walkin,Yes,Yes,Yes,Yes,Yes,No
Standard Chartered Bank,BFSI,Walkin,Yes,Yes,Yes,Yes,Yes,No
Standard Chartered Bank,BFSI,Walkin,Yes,Yes,Yes,Yes,Yes,No
Standard Chartered Bank,BFSI,Walkin,Yes,Yes,Yes,Yes,Yes,No
Standard Chartered Bank,BFSI,Walkin,Yes,Yes,Yes,Yes,Yes,unknown
Standard Chartered Bank,BFSI,Walkin,Yes,Yes,Yes,Yes,Yes,unknown
Standard Chartered Bank,BFSI,Walkin,Yes,Yes,Yes,Yes,Yes,unknown
Standard Chartered Bank,BFSI,Walkin,Yes,Yes,Yes,Yes,Yes,unknown
Standard Chartered Bank,BFSI,Walkin,Yes,Yes,Yes,Yes,Yes,No
Standard Chartered Bank,BFSI,Walkin,Yes,Yes,Yes,Yes,Yes,No
Standard Chartered Bank,BFSI,Walkin,Yes,Yes,Yes,Yes,Yes,No
Standard Chartered Bank,BFSI,Walkin,Yes,Yes,Yes,Yes,Yes,No
Standard Chartered Bank,BFSI,Walkin,Yes,Yes,Yes,Yes,Yes,No
Standard Chartered Bank,BFSI,Walkin,Yes,Yes,Yes,Yes,Yes,Yes
Standard Chartered Bank,BFSI,Walkin,Yes,Yes,Yes,Yes,Yes,No
Standard Chartered Bank,BFSI,Walkin,Yes,Yes,Yes,Yes,Yes,No
Standard Chartered Bank,BFSI,Walkin,Yes,Yes,Yes,Yes,Yes,No
Standard Chartered Bank,BFSI,Walkin,Yes,Yes,Yes,Yes,Yes,Yes
Standard Chartered Bank,BFSI,Walkin,Yes,Yes,Yes,Yes,Yes,No
Standard Chartered Bank,BFSI,Scheduled Walkin,Yes,Yes,Yes,Yes,Yes,No
Standard Chartered Bank,BFSI,Scheduled Walkin,unknown,unknown,unknown,unknown,unknown,No
Standard Chartered Bank,BFSI,Scheduled Walkin,No,unknown,unknown,unknown,unknown,No
Standard Chartered Bank,BFSI,Scheduled Walkin,unknown,unknown,unknown,unknown,unknown,No
Standard Chartered Bank,BFSI,Scheduled Walkin,unknown,unknown,unknown,unknown,unknown,Yes
Standard Chartered Bank,BFSI,Scheduled Walkin,Yes,Yes,Yes,Yes,Yes,Yes
Standard Chartered Bank,BFSI,Scheduled Walkin,unknown,unknown,unknown,unknown,unknown,No
Standard Chartered Bank,BFSI,Scheduled Walkin,unknown,unknown,unknown,unknown,unknown,Yes
Standard Chartered Bank,BFSI,Scheduled Walkin,Yes,Yes,Yes,Yes,Yes,No
Standard Chartered Bank,BFSI,Scheduled Walkin,Yes,Yes,Yes,Yes,Yes,Yes
Standard Chartered Bank,BFSI,Scheduled Walkin,unknown,unknown,unknown,unknown,unknown,Yes
Standard Chartered Bank,BFSI,Scheduled Walkin,Yes,Yes,Yes,Yes,Yes,Yes
Standard Chartered Bank,BFSI,Scheduled Walkin,Yes,Yes,Yes,Yes,Yes,Yes
Standard Chartered Bank,BFSI,Scheduled Walkin,unknown,unknown,unknown,unknown,unknown,No
Standard Chartered Bank,BFSI,Scheduled Walkin,unknown,unknown,unknown,unknown,unknown,No
Standard Chartered Bank,BFSI,Scheduled Walkin,Yes,Yes,Yes,Yes,Yes,No
Standard Chartered Bank,BFSI,Scheduled Walkin,No,Yes,Yes,Yes,Yes,yes
Standard Chartered Bank,BFSI,Scheduled Walkin,Yes,Yes,Yes,Yes,Yes,No
Standard Chartered Bank,BFSI,Scheduled Walkin,Yes,Yes,Yes,Yes,Yes,Yes
Standard Chartered Bank,BFSI,Scheduled Walkin,unknown,unknown,unknown,unknown,unknown,Yes
Standard Chartered Bank,BFSI,Scheduled Walkin,unknown,unknown,unknown,unknown,unknown,No
Standard Chartered Bank,BFSI,Scheduled Walkin,Yes,Yes,Yes,Yes,Yes,Yes
Standard Chartered Bank,BFSI,Scheduled Walkin,Yes,Yes,Yes,Yes,Yes,Yes
Standard Chartered Bank,BFSI,Scheduled Walkin,unknown,unknown,unknown,unknown,unknown,Yes
Standard Chartered Bank,BFSI,Scheduled Walkin,unknown,unknown,unknown,unknown,unknown,No
Standard Chartered Bank,BFSI,Scheduled Walkin,No,Yes,Yes,Yes,Yes,No
Standard Chartered Bank,BFSI,Scheduled Walkin,unknown,unknown,unknown,unknown,unknown,No
Standard Chartered Bank,BFSI,Scheduled Walkin,unknown,unknown,unknown,unknown,unknown,Yes
Standard Chartered Bank,BFSI,Scheduled Walkin,unknown,unknown,unknown,unknown,unknown,No
Standard Chartered Bank,BFSI,Scheduled Walkin,Yes,Yes,Yes,Yes,Yes,No
Standard Chartered Bank,BFSI,Scheduled Walkin,Yes,No,Yes,No,Yes,No
Standard Chartered Bank,BFSI,Scheduled Walkin,unknown,unknown,unknown,unknown,unknown,Yes
Standard Chartered Bank,BFSI,Scheduled Walkin,unknown,unknown,unknown,unknown,unknown,Yes
Standard Chartered Bank,BFSI,Scheduled Walkin,Yes,Yes,Yes,Yes,Yes,Yes
Standard Chartered Bank,BFSI,Scheduled Walkin,Yes,Yes,Yes,Yes,Yes,Yes
Standard Chartered Bank,BFSI,Scheduled Walkin,unknown,unknown,unknown,unknown,unknown,No
Standard Chartered Bank,BFSI,Scheduled Walkin,Yes,Yes,Yes,Yes,Yes,Yes
Standard Chartered Bank,BFSI,Scheduled Walkin,Yes,Yes,Yes,Yes,Yes,No
Standard Chartered Bank,BFSI,Scheduled Walkin,unknown,unknown,unknown,unknown,unknown,No
Standard Chartered Bank,BFSI,Scheduled Walkin,unknown,unknown,unknown,unknown,unknown,Yes
Standard Chartered Bank,BFSI,Scheduled Walkin,Yes,Yes,Yes,Yes,Yes,Yes
Standard Chartered Bank,BFSI,Scheduled Walkin,Yes,Yes,Yes,Yes,Yes,No
Standard Chartered Bank,BFSI,Scheduled Walkin,unknown,unknown,unknown,unknown,unknown,No
Standard Chartered Bank,BFSI,Scheduled Walkin,unknown,unknown,unknown,unknown,unknown,Yes
Standard Chartered Bank,BFSI,Scheduled Walkin,Yes,Yes,Yes,Yes,Yes,No
Standard Chartered Bank,BFSI,Scheduled Walkin,unknown,unknown,unknown,unknown,unknown,Yes
Standard Chartered Bank,BFSI,Scheduled Walkin,unknown,unknown,unknown,unknown,unknown,No
Standard Chartered Bank,BFSI,Scheduled Walkin,Yes,Yes,Yes,Yes,Yes,No
Standard Chartered Bank,BFSI,Scheduled Walkin,No,unknown,unknown,unknown,unknown,No
Standard Chartered Bank,BFSI,Scheduled Walkin,unknown,unknown,unknown,unknown,unknown,Yes
Standard Chartered Bank,BFSI,Scheduled Walkin,Yes,Yes,Yes,Yes,Yes,Yes
Standard Chartered Bank,BFSI,Scheduled Walkin,unknown,unknown,unknown,unknown,unknown,No
Standard Chartered Bank,BFSI,Scheduled Walkin,Yes,Yes,Yes,Yes,Yes,Yes
Standard Chartered Bank,BFSI,Scheduled Walkin,Yes,Yes,Yes,Yes,Yes,Yes
Standard Chartered Bank,BFSI,Scheduled Walkin,Yes,Yes,Yes,Yes,Yes,Yes
Standard Chartered Bank,BFSI,Scheduled Walkin,unknown,unknown,unknown,unknown,unknown,No
Standard Chartered Bank,BFSI,Scheduled Walkin,Yes,Yes,Yes,Yes,Yes,Yes
Standard Chartered Bank,BFSI,Scheduled Walkin,Yes,Yes,Yes,Yes,Yes,Yes
Standard Chartered Bank,BFSI,Scheduled Walkin,unknown,unknown,unknown,unknown,unknown,No
Standard Chartered Bank,BFSI,Scheduled Walkin,Yes,Yes,Yes,Yes,Yes,No
Standard Chartered Bank,BFSI,Scheduled Walkin,Yes,Yes,No,Yes,Yes,No
Standard Chartered Bank,BFSI,Scheduled Walkin,unknown,unknown,unknown,unknown,unknown,No
Standard Chartered Bank,BFSI,Scheduled Walkin,Yes,Yes,Yes,Yes,Yes,No
Standard Chartered Bank,BFSI,Scheduled Walkin,unknown,unknown,unknown,unknown,unknown,No
Standard Chartered Bank,BFSI,Scheduled Walkin,unknown,unknown,unknown,unknown,unknown,No
Standard Chartered Bank,BFSI,Scheduled Walkin,unknown,unknown,unknown,unknown,unknown,No
Standard Chartered Bank,BFSI,Scheduled Walkin,unknown,unknown,unknown,unknown,unknown,No
Standard Chartered Bank,BFSI,Scheduled Walkin,unknown,unknown,unknown,unknown,unknown,No
Standard Chartered Bank,BFSI,Scheduled Walkin,Yes,Yes,Yes,Yes,Yes,No
Standard Chartered Bank,BFSI,Scheduled Walkin,unknown,unknown,unknown,unknown,unknown,No
Standard Chartered Bank,BFSI,Scheduled Walkin,unknown,unknown,unknown,unknown,unknown,No
Standard Chartered Bank,BFSI,Scheduled Walkin,Yes,Yes,Yes,Yes,Yes,No
Standard Chartered Bank,BFSI,Scheduled Walkin,Yes,Yes,Yes,Yes,No,No
Standard Chartered Bank,BFSI,Scheduled Walkin,Yes,Yes,Yes,Yes,Yes,No
Standard Chartered Bank,BFSI,Scheduled Walkin,Yes,Yes,Yes,Yes,Yes,No
Standard Chartered Bank,BFSI,Scheduled Walkin,unknown,unknown,unknown,unknown,unknown,No
Standard Chartered Bank,BFSI,Scheduled Walkin,unknown,unknown,unknown,unknown,unknown,No
Standard Chartered Bank,BFSI,Scheduled Walkin,Yes,Yes,Yes,Yes,Yes,No
Standard Chartered Bank,BFSI,Scheduled Walkin,unknown,unknown,unknown,unknown,unknown,No
Standard Chartered Bank,BFSI,Scheduled Walkin,Yes,Yes,Yes,Yes,Yes,No
Standard Chartered Bank,BFSI,Scheduled Walkin,Yes,Yes,Yes,Yes,Yes,Yes
Standard Chartered Bank,BFSI,Scheduled Walkin,Yes,Yes,Yes,Yes,Yes,Yes
Standard Chartered Bank,BFSI,Scheduled Walkin,unknown,unknown,unknown,unknown,unknown,Yes
Standard Chartered Bank,BFSI,Scheduled Walkin,unknown,unknown,unknown,unknown,unknown,No
Standard Chartered Bank,BFSI,Scheduled Walkin,Yes,Yes,Yes,Yes,Yes,No
Standard Chartered Bank,BFSI,Scheduled Walkin,Yes,Yes,Yes,Yes,Yes,No
Standard Chartered Bank,BFSI,Scheduled Walkin,Yes,Yes,Yes,Yes,Yes,Yes
Standard Chartered Bank,BFSI,Scheduled Walkin,unknown,unknown,unknown,unknown,unknown,Yes
Standard Chartered Bank,BFSI,Scheduled Walkin,No,unknown,unknown,unknown,unknown,No
Standard Chartered Bank,BFSI,Scheduled Walkin,Yes,Yes,Yes,Yes,Yes,Yes
Standard Chartered Bank,BFSI,Scheduled Walkin,Yes,Yes,Yes,Yes,Yes,Yes
Standard Chartered Bank,BFSI,Scheduled Walkin,unknown,unknown,unknown,unknown,unknown,No
Standard Chartered Bank,BFSI,Scheduled Walkin,unknown,unknown,unknown,unknown,unknown,No
Standard Chartered Bank,BFSI,Scheduled Walkin,unknown,unknown,unknown,unknown,unknown,Yes
Standard Chartered Bank,BFSI,Scheduled Walkin,Yes,Yes,Yes,Yes,Yes,Yes
Standard Chartered Bank,BFSI,Scheduled Walkin,unknown,unknown,unknown,unknown,unknown,No
Standard Chartered Bank,BFSI,Scheduled Walkin,Yes,Yes,No,Yes,Yes,Yes
Standard Chartered Bank,BFSI,Scheduled Walkin,Yes,Yes,Yes,Yes,Yes,Yes
Standard Chartered Bank,BFSI,Scheduled Walkin,unknown,unknown,unknown,unknown,unknown,Yes
Standard Chartered Bank,BFSI,Scheduled Walkin,unknown,unknown,unknown,unknown,unknown,No
Standard Chartered Bank,BFSI,Scheduled Walkin,unknown,unknown,unknown,unknown,unknown,No
Standard Chartered Bank,BFSI,Scheduled Walkin,Yes,Yes,Yes,Yes,Yes,Yes
Standard Chartered Bank,BFSI,Scheduled Walkin,unknown,unknown,unknown,unknown,unknown,Yes
Standard Chartered Bank,BFSI,Scheduled Walkin,No,unknown,unknown,unknown,unknown,No
Standard Chartered Bank,BFSI,Scheduled Walkin,No,unknown,unknown,unknown,unknown,No
Standard Chartered Bank,BFSI,Scheduled Walkin,unknown,unknown,unknown,unknown,unknown,No
Standard Chartered Bank,BFSI,Scheduled Walkin,Yes,Yes,Yes,Yes,Yes,Yes
Standard Chartered Bank,BFSI,Scheduled Walkin,No,unknown,unknown,unknown,unknown,No
Standard Chartered Bank,BFSI,Scheduled Walkin,Yes,Yes,Yes,No,Yes,Yes
Standard Chartered Bank,BFSI,Scheduled Walkin,unknown,unknown,unknown,unknown,unknown,No
Hospira,Pharmaceuticals,Scheduled ,Yes,Yes,Yes,Yes,Yes,Yes
Hospira,Pharmaceuticals,Scheduled Walkin,Yes,Yes,Yes,Yes,Yes,No
Hospira,Pharmaceuticals,Scheduled ,Yes,Yes,Yes,Yes,Yes,Yes
Hospira,Pharmaceuticals,Scheduled ,Yes,Yes,Yes,Yes,Yes,Yes
Hospira,Pharmaceuticals,Scheduled ,unknown,unknown,unknown,unknown,unknown,Yes
Hospira,Pharmaceuticals,Scheduled ,Yes,Yes,Yes,Yes,Yes,Yes
Hospira,Pharmaceuticals,Scheduled ,unknown,unknown,unknown,unknown,unknown,No
Hospira,Pharmaceuticals,Scheduled ,No,unknown,unknown,unknown,unknown,No
Hospira,Pharmaceuticals,Scheduled ,Yes,Yes,Yes,Yes,Yes,Yes
Hospira,Pharmaceuticals,Scheduled ,Yes,Yes,Yes,Yes,Yes,Yes
Hospira,Pharmaceuticals,Scheduled ,Yes,Yes,Yes,Yes,Yes,Yes
Hospira,Pharmaceuticals,Scheduled ,unknown,unknown,unknown,unknown,unknown,Yes
Hospira,Pharmaceuticals,Scheduled ,Yes,No,Yes,Yes,Yes,Yes
Hospira,Pharmaceuticals,Scheduled ,No,unknown,unknown,unknown,unknown,No
Hospira,Pharmaceuticals,Scheduled ,unknown,unknown,unknown,unknown,unknown,Yes
Hospira,Pharmaceuticals,Scheduled ,unknown,unknown,unknown,unknown,unknown,No
Hospira,Pharmaceuticals,Scheduled ,Yes,Yes,No,Yes,Yes,No
Hospira,Pharmaceuticals,Scheduled ,unknown,unknown,unknown,unknown,unknown,No
Hospira,Pharmaceuticals,Scheduled ,Yes,Yes,Yes,Yes,Yes,unknown
Hospira,Pharmaceuticals,Scheduled ,Yes,Yes,Yes,Yes,Yes,unknown
Hospira,Pharmaceuticals,Scheduled ,Yes,No,Yes,Yes,No,unknown
Hospira,Pharmaceuticals,Scheduled ,Yes,Yes,Yes,Yes,Yes,unknown
Hospira,Pharmaceuticals,Scheduled ,Yes,Yes,Yes,Yes,Yes,unknown
Hospira,Pharmaceuticals,Scheduled ,Yes,Yes,Yes,Yes,Yes,unknown
Hospira,Pharmaceuticals,Scheduled ,Yes,Yes,Yes,No,Yes,unknown
Hospira,Pharmaceuticals,Scheduled ,Yes,No,Yes,No,Yes,unknown
Hospira,Pharmaceuticals,Scheduled ,Yes,Yes,Yes,Yes,Yes,No
Hospira,Pharmaceuticals,Scheduled ,unknown,unknown,unknown,unknown,unknown,No
Hospira,Pharmaceuticals,Scheduled ,Yes,Yes,Yes,Yes,Yes,Yes
Hospira,Pharmaceuticals,Scheduled ,Yes,Yes,Yes,Yes,Yes,Yes
Hospira,Pharmaceuticals,Scheduled ,Yes,Yes,Yes,Yes,Yes,Yes
Hospira,Pharmaceuticals,Scheduled ,unknown,unknown,unknown,unknown,unknown,No
Hospira,Pharmaceuticals,Scheduled ,unknown,unknown,unknown,unknown,unknown,Yes
Hospira,Pharmaceuticals,Scheduled ,Yes,Yes,Yes,Yes,Yes,Yes
Hospira,Pharmaceuticals,Scheduled ,Yes,Yes,Yes,Yes,No,No
Hospira,Pharmaceuticals,Scheduled ,unknown,unknown,unknown,unknown,unknown,Yes
Hospira,Pharmaceuticals,Scheduled ,Yes,Yes,No,Yes,Yes,Yes
Hospira,Pharmaceuticals,Scheduled ,Yes,Yes,Yes,Yes,Yes,No
Hospira,Pharmaceuticals,Scheduled ,Yes,Yes,Yes,Yes,Yes,Yes
Hospira,Pharmaceuticals,Scheduled ,unknown,unknown,unknown,unknown,unknown,No
Pfizer,Pharmaceuticals,Scheduled ,Yes,Yes,Yes,Yes,Yes,Yes
Pfizer,Pharmaceuticals,Scheduled ,No,Yes,Yes,No,No,unknown
Pfizer,Pharmaceuticals,Scheduled ,Yes,Yes,Yes,Yes,Yes,unknown
Pfizer,Pharmaceuticals,Scheduled ,Yes,Yes,Yes,Yes,Yes,unknown
Pfizer,Pharmaceuticals,Scheduled ,Yes,Yes,Yes,Yes,Yes,unknown
Pfizer,Pharmaceuticals,Scheduled ,Yes,Yes,Yes,Yes,Yes,unknown
Pfizer,Pharmaceuticals,Scheduled ,Yes,Yes,Yes,Yes,Yes,unknown
Pfizer,Pharmaceuticals,Scheduled ,Yes,Yes,Yes,Yes,Yes,unknown
Pfizer,Pharmaceuticals,Scheduled ,No,Yes,No,Yes,No,unknown
Pfizer,Pharmaceuticals,Scheduled ,Yes,Yes,Yes,Yes,Yes,unknown
Pfizer,Pharmaceuticals,Scheduled ,Yes,Yes,Yes,Yes,Yes,unknown
Pfizer,Pharmaceuticals,Scheduled ,Yes,Yes,Yes,Yes,Yes,unknown
Pfizer,Pharmaceuticals,Scheduled ,Yes,Yes,Yes,Yes,Yes,No
Pfizer,Pharmaceuticals,Scheduled ,Yes,Yes,Yes,Yes,Yes,No
Pfizer,Pharmaceuticals,Scheduled ,No,Yes,Yes,Yes,Yes,No
Pfizer,Pharmaceuticals,Scheduled ,No,Yes,Yes,Yes,Yes,No
Pfizer,Pharmaceuticals,Scheduled ,No,Yes,Yes,Yes,Yes,No
Pfizer,Pharmaceuticals,Scheduled ,No,Yes,Yes,Yes,Yes,No
Pfizer,Pharmaceuticals,Scheduled ,Yes,Yes,Yes,Yes,Yes,Yes
Pfizer,Pharmaceuticals,Scheduled ,Yes,Yes,Yes,Yes,Yes,Yes
Pfizer,Pharmaceuticals,Scheduled ,No,Yes,Yes,Yes,Yes,Yes
Pfizer,Pharmaceuticals,Scheduled ,No,Yes,Yes,Yes,Yes,Yes
Pfizer,Pharmaceuticals,Scheduled ,Yes,Yes,Yes,Yes,Yes,Yes
Pfizer,Pharmaceuticals,Scheduled ,No,Yes,Yes,Yes,Yes,Yes
Pfizer,Pharmaceuticals,Scheduled ,No,Yes,Yes,Yes,Yes,Yes
Standard Chartered Bank,BFSI,Scheduled ,unknown,unknown,unknown,unknown,unknown,Yes
Standard Chartered Bank,BFSI,Scheduled ,unknown,unknown,unknown,unknown,unknown,Yes
Standard Chartered Bank,BFSI,Scheduled ,unknown,unknown,unknown,unknown,unknown,Yes
Standard Chartered Bank,BFSI,Scheduled ,No,unknown,unknown,unknown,unknown,No
Standard Chartered Bank,BFSI,Scheduled ,Yes,Yes,Yes,No,Yes,Yes
Standard Chartered Bank,BFSI,Scheduled ,Yes,Yes,Yes,Yes,Yes,Yes
Standard Chartered Bank,BFSI,Scheduled ,Yes,Yes,Yes,Yes,Yes,No
Standard Chartered Bank,BFSI,Scheduled ,Yes,Yes,Yes,Yes,Yes,Yes
Standard Chartered Bank,BFSI,Scheduled ,unknown,unknown,unknown,unknown,unknown,Yes
Standard Chartered Bank,BFSI,Scheduled ,Yes,Yes,Yes,Yes,Yes,Yes
Standard Chartered Bank,BFSI,Scheduled ,Yes,Yes,Yes,Yes,Yes,Yes
Standard Chartered Bank,BFSI,Scheduled ,unknown,unknown,unknown,unknown,unknown,Yes
Standard Chartered Bank,BFSI,Scheduled ,Yes,Yes,Yes,Yes,Yes,Yes
Standard Chartered Bank,BFSI,Scheduled ,Yes,Yes,Yes,Yes,Yes,Yes
Standard Chartered Bank,BFSI,Scheduled ,Yes,Yes,Yes,Yes,Yes,Yes
Standard Chartered Bank,BFSI,Scheduled ,Yes,Yes,Yes,Yes,Yes,No
Standard Chartered Bank,BFSI,Scheduled ,Yes,Yes,Yes,Yes,Yes,No
Standard Chartered Bank,BFSI,Scheduled ,Yes,Yes,Yes,Yes,No,No
Standard Chartered Bank,BFSI,Scheduled ,Yes,Yes,Yes,Yes,Yes,Yes
Standard Chartered Bank,BFSI,Scheduled ,Yes,Yes,Yes,Yes,Yes,No
Standard Chartered Bank,BFSI,Scheduled ,Yes,No,Yes,Yes,Yes,Yes
Pfizer,Pharmaceuticals,Scheduled ,unknown,unknown,unknown,unknown,unknown,No
Pfizer,Pharmaceuticals,Scheduled ,Yes,Yes,Yes,Yes,Yes,Yes
Pfizer,Pharmaceuticals,Scheduled ,No,Yes,Yes,Yes,Yes,No
Pfizer,Pharmaceuticals,Scheduled ,Yes,Yes,Yes,Yes,Yes,Yes
Pfizer,Pharmaceuticals,Scheduled ,Yes,Yes,Yes,Yes,Yes,Yes
Pfizer,Pharmaceuticals,Scheduled ,unknown,unknown,unknown,unknown,unknown,No
Pfizer,Pharmaceuticals,Scheduled ,Yes,Yes,Yes,Yes,Yes,No
Pfizer,Pharmaceuticals,Scheduled ,unknown,unknown,unknown,unknown,unknown,No
Pfizer,Pharmaceuticals,Scheduled ,unknown,unknown,unknown,unknown,unknown,No
Pfizer,Pharmaceuticals,Scheduled ,unknown,unknown,unknown,unknown,unknown,No
Pfizer,Pharmaceuticals,Scheduled ,unknown,unknown,unknown,unknown,unknown,No
Pfizer,Pharmaceuticals,Scheduled ,Yes,Yes,Yes,Yes,Yes,Yes
Pfizer,Pharmaceuticals,Scheduled ,Yes,Yes,Yes,Yes,Yes,Yes
Pfizer,Pharmaceuticals,Scheduled ,Yes,Yes,Yes,Yes,Yes,No
Standard Chartered Bank Chennai,BFSI,Scheduled Walkin,Yes,Yes,Yes,Yes,Yes,No
Standard Chartered Bank Chennai,BFSI,Scheduled Walkin,Yes,Yes,Yes,Yes,Yes,No
Standard Chartered Bank Chennai,BFSI,Scheduled Walkin,Yes,Yes,Yes,Yes,Yes,Yes
Standard Chartered Bank Chennai,BFSI,Scheduled Walkin,unknown,unknown,unknown,unknown,unknown,Yes
Standard Chartered Bank Chennai,BFSI,Scheduled Walkin,unknown,unknown,unknown,unknown,unknown,No
Standard Chartered Bank Chennai,BFSI,Scheduled Walkin,unknown,unknown,unknown,unknown,unknown,No
Standard Chartered Bank Chennai,BFSI,Scheduled Walkin,Yes,Yes,Yes,Yes,Yes,Yes
Standard Chartered Bank Chennai,BFSI,Scheduled Walkin,unknown,unknown,unknown,unknown,unknown,Yes
Standard Chartered Bank Chennai,BFSI,Scheduled Walkin,Yes,Yes,Yes,Yes,Yes,Yes
Standard Chartered Bank Chennai,BFSI,Scheduled Walkin,Yes,Yes,Yes,Yes,Yes,Yes
Standard Chartered Bank Chennai,BFSI,Scheduled Walkin,Yes,Yes,Yes,Yes,Yes,Yes
Standard Chartered Bank Chennai,BFSI,Scheduled Walkin,Yes,Yes,Yes,Yes,Yes,Yes
Standard Chartered Bank Chennai,BFSI,Scheduled Walkin,Yes,Yes,Yes,Yes,Yes,Yes
Standard Chartered Bank Chennai,BFSI,Scheduled Walkin,unknown,unknown,unknown,unknown,unknown,No
Standard Chartered Bank Chennai,BFSI,Scheduled Walkin,Yes,Yes,Yes,Yes,Yes,No
Standard Chartered Bank Chennai,BFSI,Scheduled Walkin,Yes,Yes,Yes,Yes,Yes,No
Standard Chartered Bank Chennai,BFSI,Scheduled Walkin,unknown,unknown,unknown,unknown,unknown,Yes
Aon hewitt Gurgaon,IT Products and Services,Scheduled ,Yes,Yes,Yes,Yes,Yes,Yes
Aon hewitt Gurgaon,IT Products and Services,Scheduled ,Yes,Yes,Yes,Yes,Yes,Yes
Standard Chartered Bank,BFSI,Walkin,unknown,unknown,unknown,unknown,unknown,Yes
Standard Chartered Bank,BFSI,Walkin,Yes,Yes,Yes,Yes,Yes,No
Standard Chartered Bank,BFSI,Walkin,Yes,Yes,Yes,Yes,Yes,No
Standard Chartered Bank,BFSI,Walkin,unknown,unknown,unknown,unknown,unknown,No
Standard Chartered Bank,BFSI,Walkin,unknown,unknown,unknown,unknown,unknown,No
Standard Chartered Bank,BFSI,Walkin,unknown,unknown,unknown,unknown,unknown,Yes
Standard Chartered Bank,BFSI,Walkin,Yes,Yes,Yes,Yes,Yes,Yes
Standard Chartered Bank,BFSI,Walkin,unknown,unknown,unknown,unknown,unknown,No
Standard Chartered Bank,BFSI,Walkin,unknown,unknown,unknown,unknown,unknown,Yes
Standard Chartered Bank,BFSI,Walkin,Yes,Yes,Yes,Yes,Yes,Yes
Standard Chartered Bank,BFSI,Walkin,No,unknown,unknown,unknown,unknown,No
Standard Chartered Bank,BFSI,Walkin,Yes,Yes,Yes,Yes,Yes,Yes
Standard Chartered Bank,BFSI,Walkin,No,unknown,unknown,unknown,unknown,No
Standard Chartered Bank,BFSI,Walkin,Yes,Yes,Yes,Yes,Yes,No
Standard Chartered Bank,BFSI,Walkin,unknown,unknown,unknown,unknown,unknown,Yes
Standard Chartered Bank,BFSI,Walkin,Yes,Yes,Yes,Yes,Yes,Yes
Standard Chartered Bank,BFSI,Walkin,unknown,unknown,unknown,unknown,unknown,No
Standard Chartered Bank,BFSI,Walkin,unknown,unknown,unknown,unknown,unknown,No
Standard Chartered Bank,BFSI,Walkin,Yes,Yes,Yes,Yes,Yes,Yes
Standard Chartered Bank,BFSI,Walkin,Yes,Yes,Yes,Yes,Yes,Yes
Standard Chartered Bank,BFSI,Walkin,Yes,Yes,Yes,Yes,Yes,Yes
Standard Chartered Bank,BFSI,Walkin,unknown,unknown,unknown,unknown,unknown,Yes
Standard Chartered Bank,BFSI,Walkin,unknown,unknown,unknown,unknown,unknown,No
Standard Chartered Bank,BFSI,Walkin,unknown,unknown,unknown,unknown,unknown,Yes
Standard Chartered Bank,BFSI,Walkin,No,unknown,unknown,unknown,unknown,No
Aon Hewitt,IT Products and Services,Scheduled ,unknown,unknown,unknown,unknown,unknown,Yes
Aon Hewitt,IT Products and Services,Scheduled ,Yes,Yes,Yes,Yes,No,No 
Aon Hewitt,IT Products and Services,Scheduled ,Yes,Yes,Yes,Yes,Yes,Yes
Standard Chartered Bank,BFSI,Scheduled ,Yes,Yes,Yes,Yes,No,Yes
Standard Chartered Bank,BFSI,Scheduled ,unknown,unknown,unknown,unknown,unknown,No
Standard Chartered Bank,BFSI,Scheduled ,Yes,Yes,Yes,Yes,Yes,Yes
Standard Chartered Bank,BFSI,Scheduled ,unknown,unknown,unknown,unknown,unknown,No
Standard Chartered Bank,BFSI,Scheduled ,No,unknown,unknown,unknown,unknown,No
Standard Chartered Bank,BFSI,Scheduled ,unknown,unknown,unknown,unknown,unknown,Yes
Standard Chartered Bank,BFSI,Scheduled ,Yes,Yes,Yes,Yes,Yes,unknown
Pfizer,Pharmaceuticals,Scheduled Walkin,No,unknown,unknown,unknown,unknown,unknown
Pfizer,Pharmaceuticals,Scheduled Walkin,Yes,Yes,Yes,Yes,Yes,unknown
Pfizer,Pharmaceuticals,Scheduled Walkin,unknown,unknown,unknown,unknown,unknown,unknown
Pfizer,Pharmaceuticals,Scheduled Walkin,Yes,Yes,Yes,Yes,Yes,unknown
Pfizer,Pharmaceuticals,Scheduled Walkin,Yes,Yes,Yes,Yes,Yes,unknown
Pfizer,Pharmaceuticals,Scheduled Walkin,Yes,Yes,Yes,Yes,Yes,unknown
Pfizer,Pharmaceuticals,Scheduled Walkin,Yes,Yes,Yes,Yes,Yes,Yes
Pfizer,Pharmaceuticals,Scheduled Walkin,unknown,unknown,unknown,unknown,unknown,Yes
Pfizer,Pharmaceuticals,Scheduled Walkin,unknown,unknown,unknown,unknown,unknown,yes
Pfizer,Pharmaceuticals,Scheduled Walkin,Yes,Yes,Yes,Yes,Yes,Yes
Pfizer,Pharmaceuticals,Scheduled Walkin,Yes,Yes,Yes,Yes,Yes,Yes
Pfizer,Pharmaceuticals,Scheduled Walkin,unknown,unknown,unknown,unknown,Yes,Yes
Pfizer,Pharmaceuticals,Scheduled Walkin,unknown,unknown,unknown,unknown,Yes,No
Pfizer,Pharmaceuticals,Scheduled Walkin,No,unknown,unknown,unknown,Yes,No
Pfizer,Pharmaceuticals,Scheduled Walkin,unknown,unknown,unknown,unknown,unknown,No
Pfizer,Pharmaceuticals,Scheduled Walkin,unknown,unknown,unknown,unknown,unknown,Yes
Pfizer,Pharmaceuticals,Scheduled Walkin,unknown,unknown,unknown,unknown,unknown,No
Pfizer,Pharmaceuticals,Scheduled Walkin,unknown,unknown,unknown,unknown,unknown,Yes
Pfizer,Pharmaceuticals,Scheduled Walkin,Yes,Yes,Yes,Yes,Yes,Yes
Pfizer,Pharmaceuticals,Scheduled Walkin,Yes,Yes,Yes,Yes,Yes,No
Astrazeneca,Pharmaceuticals,Scheduled ,Yes,Yes,Yes,Yes,Yes,Yes
Astrazeneca,Pharmaceuticals,Scheduled ,Yes,Yes,Yes,Yes,Yes,Yes
Astrazeneca,Pharmaceuticals,Scheduled ,Yes,Yes,Yes,Yes,Yes,Yes
Astrazeneca,Pharmaceuticals,Scheduled ,unknown,unknown,unknown,unknown,unknown,Yes
Astrazeneca,Pharmaceuticals,Scheduled ,Yes,Yes,Yes,Yes,Yes,Yes
Astrazeneca,Pharmaceuticals,Scheduled ,unknown,unknown,unknown,unknown,unknown,No
Astrazeneca,Pharmaceuticals,Scheduled ,No,unknown,unknown,unknown,unknown,No
Astrazeneca,Pharmaceuticals,Scheduled ,Yes,Yes,Yes,Yes,Yes,Yes
Astrazeneca,Pharmaceuticals,Scheduled ,unknown,unknown,unknown,unknown,unknown,No
Astrazeneca,Pharmaceuticals,Scheduled ,unknown,unknown,unknown,unknown,unknown,Yes
Astrazeneca,Pharmaceuticals,Scheduled ,unknown,unknown,unknown,unknown,unknown,No
Astrazeneca,Pharmaceuticals,Scheduled ,No,unknown,unknown,unknown,unknown,No
Astrazeneca,Pharmaceuticals,Scheduled ,Yes,Yes,Yes,Yes,Yes,Yes
Astrazeneca,Pharmaceuticals,Scheduled ,unknown,unknown,unknown,unknown,unknown,Yes
Astrazeneca,Pharmaceuticals,Scheduled ,unknown,unknown,unknown,unknown,unknown,unknown
Standard Chartered Bank,BFSI,Scheduled Walkin,Yes,Yes,Yes,Yes,Yes,unknown
Standard Chartered Bank,BFSI,Scheduled Walkin,Yes,Yes,Yes,Yes,Yes,unknown
Standard Chartered Bank,BFSI,Scheduled Walkin,Yes,Yes,Yes,Yes,Yes,unknown
Standard Chartered Bank,BFSI,Scheduled Walkin,Yes,Yes,Yes,Yes,Yes,unknown
Standard Chartered Bank,BFSI,Scheduled Walkin,Yes,Yes,Yes,Yes,Yes,No
Standard Chartered Bank,BFSI,Scheduled Walkin,Yes,Yes,Yes,Yes,Yes,unknown
Standard Chartered Bank,BFSI,Scheduled Walkin,Yes,Yes,Yes,Yes,Yes,unknown
Standard Chartered Bank,BFSI,Scheduled Walkin,Yes,Yes,Yes,Yes,Yes,unknown
Standard Chartered Bank,BFSI,Scheduled Walkin,Yes,Yes,Yes,Yes,Yes,unknown
Standard Chartered Bank,BFSI,Scheduled Walkin,Yes,Yes,Yes,Yes,Yes,Yes
Standard Chartered Bank,BFSI,Scheduled Walkin,Yes,Yes,Yes,Yes,Yes,Yes
Standard Chartered Bank,BFSI,Scheduled Walkin,Yes,Yes,Yes,Yes,Yes,Yes
Standard Chartered Bank,BFSI,Scheduled Walkin,Yes,Yes,Yes,Yes,Yes,Yes
Standard Chartered Bank,BFSI,Scheduled Walkin,Yes,Yes,Yes,Yes,Yes,Yes
Standard Chartered Bank,BFSI,Scheduled Walkin,Yes,Yes,Yes,Yes,Yes,Yes
Standard Chartered Bank,BFSI,Scheduled Walkin,Yes,Yes,Yes,Yes,Yes,Yes
Standard Chartered Bank,BFSI,Scheduled Walkin,Yes,Yes,Yes,Yes,Yes,Yes
Standard Chartered Bank,BFSI,Scheduled Walkin,Yes,Yes,Yes,Yes,Yes,Yes
Standard Chartered Bank,BFSI,Scheduled Walkin,Yes,Yes,Yes,Yes,Yes,No
Standard Chartered Bank,BFSI,Scheduled Walkin,Yes,Yes,Yes,Yes,Yes,No
Standard Chartered Bank,BFSI,Scheduled Walkin,Yes,Yes,Yes,Yes,Yes,Yes
Standard Chartered Bank,BFSI,Scheduled Walkin,Yes,Yes,Yes,Yes,Yes,Yes
Standard Chartered Bank,BFSI,Scheduled Walkin,Yes,Yes,Yes,Yes,Yes,No
Standard Chartered Bank,BFSI,Scheduled Walkin,Yes,Yes,Yes,Yes,Yes,No
Standard Chartered Bank,BFSI,Scheduled Walkin,Yes,Yes,Yes,Yes,Yes,Yes
Standard Chartered Bank,BFSI,Scheduled Walkin,Yes,Yes,Yes,Yes,Yes,Yes
Standard Chartered Bank,BFSI,Scheduled Walkin,Yes,Yes,Yes,Yes,Yes,Yes
Standard Chartered Bank,BFSI,Scheduled Walkin,Yes,Yes,Yes,Yes,Yes,No
Standard Chartered Bank,BFSI,Scheduled Walkin,Yes,Yes,Yes,Yes,Yes,Yes
Standard Chartered Bank,BFSI,Scheduled Walkin,Yes,Yes,Yes,Yes,Yes,Yes
Standard Chartered Bank,BFSI,Scheduled Walkin,No,unknown,unknown,unknown,unknown,No
Standard Chartered Bank,BFSI,Scheduled Walkin,unknown,unknown,unknown,unknown,unknown,Yes
Standard Chartered Bank,BFSI,Scheduled Walkin,unknown,unknown,unknown,unknown,unknown,No
Standard Chartered Bank,BFSI,Scheduled Walkin,No,unknown,unknown,unknown,unknown,Yes
Standard Chartered Bank,BFSI,Scheduled Walkin,No,unknown,unknown,unknown,unknown,no
Standard Chartered Bank,BFSI,Scheduled Walkin,Yes,Yes,Yes,Yes,Yes,Yes
Standard Chartered Bank,BFSI,Scheduled Walkin,No,unknown,unknown,unknown,unknown,No
Standard Chartered Bank,BFSI,Scheduled Walkin,unknown,unknown,unknown,unknown,unknown,No
Standard Chartered Bank,BFSI,Scheduled Walkin,Yes,Yes,Yes,Yes,Yes,Yes
Standard Chartered Bank,BFSI,Scheduled Walkin,Yes,Yes,Yes,Yes,Yes,Yes
Standard Chartered Bank,BFSI,Scheduled Walkin,unknown,unknown,unknown,unknown,unknown,Yes
Standard Chartered Bank,BFSI,Scheduled Walkin,unknown,unknown,unknown,unknown,unknown,No
Standard Chartered Bank,BFSI,Scheduled Walkin,Yes,Yes,Yes,Yes,Yes,Yes
Flextronics,Electronics,Scheduled ,Yes,Yes,Yes,Yes,Yes,Yes
Flextronics,Electronics,Scheduled ,No,unknown,unknown,unknown,unknown,No
Flextronics,Electronics,Scheduled ,Yes,No,No,Yes,Yes,Yes
Flextronics,Electronics,Scheduled ,unknown,unknown,unknown,unknown,unknown,Yes
Flextronics,Electronics,Scheduled ,unknown,unknown,unknown,unknown,unknown,No
Flextronics,Electronics,Scheduled ,Yes,Yes,No,Yes,No,No
Flextronics,Electronics,Scheduled ,Yes,Yes,Yes,Yes,Yes,Yes
Flextronics,Electronics,Scheduled ,Yes,Yes,Yes,Yes,Yes,Yes
Flextronics,Electronics,Scheduled ,Yes,Yes,Yes,Yes,Yes,Yes
Flextronics,Electronics,Scheduled ,No,unknown,unknown,unknown,unknown,No
Flextronics,Electronics,Scheduled ,Yes,Yes,Yes,Yes,Yes,Yes
Flextronics,Electronics,Scheduled ,Yes,Yes,No,Yes,Yes,Yes
Flextronics,Electronics,Scheduled ,unknown,unknown,unknown,unknown,unknown,Yes
Flextronics,Electronics,Scheduled ,unknown,unknown,unknown,unknown,unknown,No
Flextronics,Electronics,Scheduled ,Yes,Yes,Yes,Yes,Yes,Yes
Flextronics,Electronics,Scheduled ,unknown,unknown,unknown,unknown,unknown,No
Flextronics,Electronics,Scheduled ,unknown,unknown,unknown,unknown,unknown,Yes
Flextronics,Electronics,Scheduled ,unknown,unknown,unknown,unknown,unknown,No
Flextronics,Electronics,Scheduled ,No,unknown,unknown,unknown,unknown,No
Standard Chartered Bank,BFSI,Walkin,Yes,Yes,Yes,Yes,Yes,No
Standard Chartered Bank,BFSI,Walkin,unknown,unknown,unknown,unknown,unknown,Yes
Standard Chartered Bank,BFSI,Walkin,Yes,Yes,Yes,Yes,Yes,Yes
Standard Chartered Bank,BFSI,Walkin,unknown,unknown,unknown,unknown,unknown,Yes
Standard Chartered Bank,BFSI,Walkin,unknown,unknown,unknown,unknown,unknown,No
Standard Chartered Bank,BFSI,Walkin,unknown,unknown,unknown,unknown,unknown,No
Standard Chartered Bank,BFSI,Walkin,Yes,Yes,Yes,Yes,Yes,Yes
Standard Chartered Bank,BFSI,Walkin,unknown,unknown,unknown,unknown,unknown,Yes
Standard Chartered Bank,BFSI,Walkin,unknown,unknown,unknown,unknown,unknown,No
Standard Chartered Bank,BFSI,Walkin,Yes,Yes,Yes,Yes,Yes,Yes
Standard Chartered Bank,BFSI,Walkin,Yes,Yes,Yes,Yes,Yes,Yes
Standard Chartered Bank,BFSI,Walkin,Yes,Yes,Yes,Yes,Yes,Yes
Standard Chartered Bank,BFSI,Walkin,Yes,Yes,Yes,Yes,Yes,Yes
Standard Chartered Bank,BFSI,Walkin,Yes,Yes,Yes,Yes,Yes,No
Standard Chartered Bank,BFSI,Walkin,Yes,Yes,Yes,Yes,Yes,No
Standard Chartered Bank,BFSI,Walkin,No,unknown,unknown,unknown,Yes,No
Standard Chartered Bank,BFSI,Walkin,Yes,Yes,Yes,Yes,Yes,No
Standard Chartered Bank,BFSI,Walkin,unknown,unknown,unknown,unknown,Yes,Yes
Standard Chartered Bank,BFSI,Walkin,No,unknown,unknown,unknown,Yes,No
Standard Chartered Bank,BFSI,Walkin,Yes,Yes,Yes,Yes,Yes,No
Standard Chartered Bank,BFSI,Walkin,No,unknown,unknown,unknown,Yes,No
Standard Chartered Bank,BFSI,Walkin,unknown,unknown,unknown,unknown,Yes,Yes
Standard Chartered Bank,BFSI,Scheduled ,Yes,Yes,No,Yes,Yes,No
Standard Chartered Bank,BFSI,Scheduled ,No,unknown,unknown,unknown,unknown,No
Standard Chartered Bank,BFSI,Scheduled ,Yes,Yes,Yes,Yes,Yes,Yes
Standard Chartered Bank,BFSI,Scheduled ,unknown,unknown,unknown,unknown,unknown,No
Standard Chartered Bank,BFSI,Scheduled ,unknown,unknown,unknown,unknown,unknown,No
Standard Chartered Bank,BFSI,Scheduled ,Yes,Yes,Yes,Yes,Yes,Yes
Standard Chartered Bank,BFSI,Scheduled ,Yes,Yes,Yes,Yes,Yes,No
Standard Chartered Bank,BFSI,Scheduled ,Yes,Yes,Yes,Yes,Yes,Yes
Standard Chartered Bank,BFSI,Scheduled ,unknown,unknown,unknown,unknown,unknown,Yes
Standard Chartered Bank,BFSI,Scheduled ,unknown,unknown,unknown,unknown,unknown,No
Standard Chartered Bank,BFSI,Scheduled ,Yes,Yes,Yes,Yes,Yes,Yes
Standard Chartered Bank,BFSI,Scheduled ,Yes,Yes,Yes,Yes,Yes,Yes
Standard Chartered Bank,BFSI,Scheduled ,Yes,Yes,Yes,Yes,Yes,Yes
Standard Chartered Bank,BFSI,Walkin,Yes,Yes,Yes,Yes,Yes,No
Standard Chartered Bank,BFSI,Walkin,Yes,Yes,Yes,Yes,Yes,Yes
Standard Chartered Bank,BFSI,Walkin,Yes,Yes,Yes,Yes,Yes,Yes
Standard Chartered Bank,BFSI,Walkin,unknown,unknown,unknown,unknown,No,Yes
Standard Chartered Bank,BFSI,Walkin,No,unknown,unknown,unknown,No,No
Standard Chartered Bank,BFSI,Walkin,Yes,Yes,Yes,Yes,No,Yes
Standard Chartered Bank,BFSI,Walkin,Yes,Yes,Yes,Yes,No,Yes
Standard Chartered Bank,BFSI,Walkin,unknown,unknown,unknown,unknown,No,Yes
Standard Chartered Bank,BFSI,Walkin,unknown,unknown,unknown,unknown,Yes,No
Standard Chartered Bank,BFSI,Walkin,unknown,unknown,unknown,unknown,No,No
Standard Chartered Bank,BFSI,Walkin,Yes,Yes,Yes,Yes,No,Yes
Standard Chartered Bank,BFSI,Walkin,unknown,unknown,unknown,unknown,No,Yes
Standard Chartered Bank,BFSI,Walkin,Yes,No,No,Yes,No,No
Standard Chartered Bank,BFSI,Walkin,Yes,Yes,Yes,Yes,No,Yes
Standard Chartered Bank,BFSI,Walkin,unknown,unknown,unknown,unknown,No,No
Standard Chartered Bank,BFSI,Walkin,unknown,unknown,unknown,unknown,No,Yes
Standard Chartered Bank,BFSI,Walkin,unknown,unknown,unknown,unknown,No,yes
Standard Chartered Bank,BFSI,Walkin,Yes,Yes,Yes,Yes,No,No
Standard Chartered Bank,BFSI,Walkin,unknown,unknown,unknown,unknown,unknown,Yes
Standard Chartered Bank,BFSI,Walkin,No,unknown,unknown,unknown,unknown,No
Standard Chartered Bank,BFSI,Walkin,No,unknown,unknown,unknown,unknown,No
Standard Chartered Bank,BFSI,Walkin,unknown,unknown,unknown,unknown,unknown,No
Standard Chartered Bank,BFSI,Walkin,Yes,Yes,Yes,Yes,Yes,Yes
Standard Chartered Bank,BFSI,Walkin,No,unknown,unknown,unknown,unknown,No
Standard Chartered Bank,BFSI,Walkin,Yes,Yes,No,Yes,Yes,Yes
Standard Chartered Bank,BFSI,Walkin,unknown,unknown,unknown,unknown,unknown,No
Standard Chartered Bank,BFSI,Scheduled Walkin,Yes,Yes,Yes,Yes,Yes,Yes
Standard Chartered Bank,BFSI,Scheduled Walkin,Yes,Yes,Yes,Yes,Yes,No
Standard Chartered Bank,BFSI,Scheduled Walkin,Yes,Yes,Yes,Yes,Yes,Yes
Standard Chartered Bank,BFSI,Scheduled Walkin,unknown,unknown,unknown,unknown,unknown,Yes
Standard Chartered Bank,BFSI,Scheduled Walkin,Yes,Yes,Yes,Yes,Yes,Yes
Standard Chartered Bank,BFSI,Scheduled Walkin,Yes,Yes,Yes,Yes,Yes,Yes
Standard Chartered Bank,BFSI,Scheduled Walkin,Yes,Yes,Yes,Yes,Yes,No
Standard Chartered Bank,BFSI,Scheduled Walkin,Yes,Yes,Yes,Yes,Yes,Yes
Standard Chartered Bank,BFSI,Scheduled Walkin,No,unknown,unknown,unknown,unknown,No
Standard Chartered Bank,BFSI,Scheduled Walkin,unknown,unknown,unknown,unknown,unknown,No
Standard Chartered Bank,BFSI,Scheduled Walkin,Yes,Yes,Yes,Yes,Yes,Yes
Standard Chartered Bank,BFSI,Scheduled Walkin,Yes,Yes,Yes,Yes,Yes,Yes
Standard Chartered Bank,BFSI,Scheduled Walkin,unknown,unknown,unknown,unknown,unknown,Yes
Standard Chartered Bank,BFSI,Scheduled Walkin,unknown,unknown,unknown,unknown,unknown,yes
Standard Chartered Bank,BFSI,Scheduled Walkin,No,unknown,unknown,unknown,unknown,No
Standard Chartered Bank,BFSI,Scheduled Walkin,unknown,unknown,unknown,unknown,unknown,Yes
Standard Chartered Bank,BFSI,Scheduled Walkin,No,unknown,unknown,unknown,unknown,No
Standard Chartered Bank,BFSI,Scheduled Walkin,Yes,Yes,Yes,Yes,Yes,Yes
Standard Chartered Bank,BFSI,Scheduled Walkin,unknown,unknown,unknown,unknown,unknown,No
Standard Chartered Bank,BFSI,Scheduled Walkin,unknown,unknown,unknown,unknown,unknown,No
Standard Chartered Bank,BFSI,Scheduled Walkin,unknown,unknown,unknown,unknown,unknown,Yes
Standard Chartered Bank,BFSI,Scheduled Walkin,Yes,Yes,Yes,Yes,Yes,Yes
Standard Chartered Bank,BFSI,Scheduled Walkin,Yes,Yes,Yes,Yes,Yes,Yes
Standard Chartered Bank,BFSI,Scheduled Walkin,Yes,Yes,Yes,Yes,Yes,No
Standard Chartered Bank,BFSI,Scheduled Walkin,Yes,Yes,Yes,Yes,Yes,Yes
Standard Chartered Bank,BFSI,Scheduled Walkin,Yes,Yes,Yes,Yes,Yes,Yes
Standard Chartered Bank,BFSI,Scheduled Walkin,Yes,Yes,Yes,Yes,Yes,Yes
Standard Chartered Bank,BFSI,Scheduled Walkin,Yes,Yes,Yes,Yes,Yes,No
Standard Chartered Bank,BFSI,Scheduled Walkin,Yes,Yes,Yes,Yes,Yes,No
Standard Chartered Bank,BFSI,Scheduled Walkin,Yes,Yes,Yes,Yes,Yes,Yes
Standard Chartered Bank,BFSI,Scheduled Walkin,Yes,Yes,Yes,Yes,Yes,Yes
Standard Chartered Bank,BFSI,Scheduled Walkin,Yes,Yes,Yes,Yes,Yes,Yes
Standard Chartered Bank,BFSI,Scheduled Walkin,Yes,Yes,Yes,Yes,Yes,No
Standard Chartered Bank,BFSI,Scheduled Walkin,Yes,Yes,Yes,Yes,Yes,No
Standard Chartered Bank,BFSI,Scheduled Walkin,Yes,Yes,Yes,Yes,Yes,No
Standard Chartered Bank,BFSI,Scheduled Walkin,Yes,Yes,Yes,Yes,Yes,No
Standard Chartered Bank,BFSI,Scheduled Walkin,Yes,Yes,Yes,Yes,Yes,No
Standard Chartered Bank,BFSI,Scheduled Walkin,Yes,Yes,Yes,Yes,Yes,No
Standard Chartered Bank,BFSI,Scheduled Walkin,Yes,Yes,Yes,Yes,Yes,No
Standard Chartered Bank,BFSI,Scheduled Walkin,Yes,Yes,Yes,Yes,Yes,No
Standard Chartered Bank,BFSI,Scheduled Walkin,Yes,Yes,Yes,Yes,Yes,No
Standard Chartered Bank,BFSI,Scheduled Walkin,Yes,Yes,Yes,Yes,Yes,No
Standard Chartered Bank,BFSI,Scheduled Walkin,Yes,Yes,Yes,Yes,Yes,Yes
Standard Chartered Bank,BFSI,Scheduled Walkin,Yes,Yes,Yes,Yes,Yes,Yes
Standard Chartered Bank,BFSI,Scheduled Walkin,Yes,Yes,Yes,Yes,Yes,Yes
Standard Chartered Bank,BFSI,Scheduled Walkin,Yes,Yes,Yes,Yes,Yes,No
Standard Chartered Bank,BFSI,Scheduled Walkin,Yes,Yes,Yes,Yes,Yes,No
Standard Chartered Bank,BFSI,Scheduled Walkin,Yes,Yes,Yes,Yes,Yes,Yes
Standard Chartered Bank,BFSI,Scheduled Walkin,Yes,Yes,Yes,Yes,Yes,No
Standard Chartered Bank,BFSI,Scheduled Walkin,Yes,Yes,Yes,Yes,Yes,Yes
Standard Chartered Bank,BFSI,Scheduled Walkin,Yes,Yes,Yes,Yes,Yes,Yes
Standard Chartered Bank,BFSI,Scheduled Walkin,Yes,Yes,Yes,Yes,Yes,Yes
Standard Chartered Bank,BFSI,Scheduled Walkin,Yes,Yes,Yes,Yes,Yes,Yes
Standard Chartered Bank,BFSI,Scheduled Walkin,Yes,Yes,Yes,Yes,Yes,No
Standard Chartered Bank,BFSI,Scheduled Walkin,Yes,Yes,Yes,Yes,Yes,No
Standard Chartered Bank,BFSI,Scheduled Walkin,Yes,Yes,Yes,Yes,Yes,Yes
Standard Chartered Bank,BFSI,Scheduled Walkin,Yes,Yes,Yes,Yes,Yes,Yes
Standard Chartered Bank,BFSI,Scheduled Walkin,Yes,Yes,Yes,Yes,Yes,Yes
Standard Chartered Bank,BFSI,Scheduled Walkin,Yes,Yes,Yes,Yes,Yes,Yes
Standard Chartered Bank,BFSI,Scheduled Walkin,Yes,Yes,Yes,Yes,Yes,Yes
Standard Chartered Bank,BFSI,Scheduled Walkin,Yes,Yes,Yes,Yes,Yes,No
Standard Chartered Bank,BFSI,Scheduled Walkin,Yes,Yes,Yes,Yes,Yes,Yes
Standard Chartered Bank,BFSI,Scheduled Walkin,Yes,Yes,Yes,Yes,Yes,Yes
Standard Chartered Bank,BFSI,Scheduled Walkin,Yes,Yes,Yes,Yes,Yes,Yes
Standard Chartered Bank,BFSI,Scheduled Walkin,Yes,Yes,Yes,Yes,Yes,unknown
Standard Chartered Bank,BFSI,Scheduled Walkin,Yes,Yes,Yes,Yes,Yes,No
Standard Chartered Bank,BFSI,Scheduled Walkin,Yes,Yes,Yes,Yes,Yes,No
Standard Chartered Bank,BFSI,Scheduled Walkin,Yes,Yes,Yes,Yes,Yes,Yes
Standard Chartered Bank,BFSI,Scheduled Walkin,Yes,Yes,Yes,Yes,Yes,Yes
Standard Chartered Bank,BFSI,Scheduled Walkin,Yes,Yes,Yes,Yes,Yes,unknown
Standard Chartered Bank,BFSI,Scheduled Walkin,Yes,Yes,Yes,Yes,Yes,Yes
Standard Chartered Bank,BFSI,Scheduled Walkin,Yes,Yes,Yes,Yes,Yes,Yes
Standard Chartered Bank,BFSI,Scheduled Walkin,Yes,Yes,Yes,Yes,Yes,Yes
Standard Chartered Bank,BFSI,Scheduled Walkin,Yes,Yes,Yes,Yes,Yes,Yes
Standard Chartered Bank,BFSI,Scheduled Walkin,Yes,Yes,Yes,Yes,Yes,No
Standard Chartered Bank,BFSI,Scheduled Walkin,Yes,Yes,Yes,Yes,Yes,No
Standard Chartered Bank,BFSI,Scheduled Walkin,Yes,Yes,Yes,Yes,Yes,No
Standard Chartered Bank,BFSI,Scheduled Walkin,Yes,Yes,Yes,Yes,Yes,Yes
Standard Chartered Bank,BFSI,Scheduled Walkin,Yes,Yes,Yes,Yes,Yes,Yes
Standard Chartered Bank,BFSI,Scheduled Walkin,Yes,Yes,Yes,Yes,Yes,Yes
Standard Chartered Bank,BFSI,Scheduled Walkin,Yes,Yes,Yes,Yes,Yes,Yes
Standard Chartered Bank,BFSI,Scheduled Walkin,Yes,Yes,Yes,Yes,Yes,Yes
Standard Chartered Bank,BFSI,Scheduled Walkin,Yes,Yes,Yes,Yes,Yes,No
Standard Chartered Bank,BFSI,Scheduled Walkin,Yes,Yes,Yes,Yes,Yes,Yes
Standard Chartered Bank,BFSI,Scheduled Walkin,Yes,Yes,Yes,Yes,Yes,Yes
Standard Chartered Bank,BFSI,Scheduled Walkin,Yes,Yes,Yes,Yes,Yes,Yes
Standard Chartered Bank,BFSI,Scheduled Walkin,Yes,Yes,Yes,Yes,Yes,Yes
Standard Chartered Bank,BFSI,Scheduled Walkin,Yes,Yes,Yes,Yes,Yes,Yes
Standard Chartered Bank,BFSI,Scheduled Walkin,Yes,Yes,Yes,Yes,Yes,Yes
Standard Chartered Bank,BFSI,Scheduled Walkin,Yes,Yes,Yes,Yes,Yes,Yes
Standard Chartered Bank,BFSI,Scheduled Walkin,Yes,Yes,Yes,Yes,Yes,No
Standard Chartered Bank,BFSI,Scheduled Walkin,Yes,Yes,Yes,Yes,Yes,No
Standard Chartered Bank,BFSI,Scheduled Walkin,Yes,Yes,Yes,Yes,Yes,Yes
Standard Chartered Bank,BFSI,Scheduled Walkin,Yes,Yes,Yes,Yes,Yes,Yes
Standard Chartered Bank,BFSI,Scheduled Walkin,Yes,Yes,Yes,Yes,Yes,Yes
Standard Chartered Bank,BFSI,Scheduled Walkin,Yes,Yes,Yes,Yes,Yes,No
Standard Chartered Bank,BFSI,Scheduled Walkin,Yes,Yes,Yes,Yes,Yes,Yes
Standard Chartered Bank,BFSI,Scheduled Walkin,Yes,Yes,Yes,Yes,Yes,Yes
Standard Chartered Bank,BFSI,Scheduled Walkin,Yes,Yes,Yes,Yes,Yes,Yes
Standard Chartered Bank,BFSI,Scheduled Walkin,Yes,Yes,Yes,Yes,Yes,Yes
Standard Chartered Bank,BFSI,Scheduled Walkin,Yes,Yes,Yes,Yes,Yes,Yes
Standard Chartered Bank,BFSI,Scheduled Walkin,Yes,Yes,Yes,Yes,Yes,Yes
Standard Chartered Bank,BFSI,Scheduled Walkin,Yes,Yes,Yes,Yes,Yes,Yes
Standard Chartered Bank,BFSI,Scheduled Walkin,Yes,Yes,Yes,Yes,Yes,Yes
Standard Chartered Bank,BFSI,Scheduled Walkin,Yes,Yes,Yes,Yes,Yes,Yes
Standard Chartered Bank,BFSI,Scheduled Walkin,Yes,Yes,Yes,Yes,Yes,No
Standard Chartered Bank,BFSI,Scheduled Walkin,Yes,Yes,Yes,Yes,Yes,No
Standard Chartered Bank,BFSI,Scheduled Walkin,Yes,Yes,Yes,Yes,Yes,No
Standard Chartered Bank,BFSI,Scheduled Walkin,Yes,Yes,Yes,Yes,Yes,Yes
Standard Chartered Bank,BFSI,Scheduled Walkin,Yes,Yes,Yes,Yes,Yes,Yes
Standard Chartered Bank,BFSI,Scheduled Walkin,Yes,Yes,Yes,Yes,Yes,Yes
Standard Chartered Bank,BFSI,Scheduled Walkin,Yes,Yes,Yes,Yes,Yes,Yes
Standard Chartered Bank,BFSI,Scheduled Walkin,Yes,Yes,Yes,Yes,Yes,Yes
Standard Chartered Bank,BFSI,Scheduled Walkin,Yes,Yes,Yes,Yes,Yes,Yes
Standard Chartered Bank,BFSI,Scheduled Walkin,Yes,Yes,Yes,Yes,Yes,Yes
Standard Chartered Bank,BFSI,Scheduled Walkin,Yes,Yes,Yes,Yes,Yes,No
Standard Chartered Bank,BFSI,Scheduled Walkin,Yes,Yes,Yes,Yes,Yes,No
Standard Chartered Bank,BFSI,Scheduled Walkin,Yes,Yes,Yes,Yes,Yes,Yes
Standard Chartered Bank,BFSI,Scheduled Walkin,Yes,Yes,Yes,Yes,Yes,No
Standard Chartered Bank,BFSI,Scheduled Walkin,Yes,Yes,Yes,Yes,Yes,Yes
Standard Chartered Bank,BFSI,Scheduled Walkin,Yes,Yes,Yes,Yes,Yes,No
Standard Chartered Bank,BFSI,Scheduled Walkin,Yes,Yes,Yes,Yes,Yes,Yes
Standard Chartered Bank,BFSI,Scheduled Walkin,unknown,unknown,unknown,unknown,unknown,Yes
Standard Chartered Bank,BFSI,Scheduled Walkin,Yes,Yes,Yes,Yes,Yes,Yes
Standard Chartered Bank,BFSI,Scheduled Walkin,Yes,Yes,Yes,Yes,Yes,Yes
Standard Chartered Bank,BFSI,Scheduled Walkin,unknown,unknown,unknown,unknown,unknown,No
Standard Chartered Bank,BFSI,Scheduled Walkin,Yes,Yes,Yes,Yes,Yes,Yes
Standard Chartered Bank,BFSI,Scheduled Walkin,unknown,unknown,unknown,unknown,unknown,No
Standard Chartered Bank,BFSI,Scheduled Walkin,Yes,Yes,Yes,Yes,Yes,Yes
Standard Chartered Bank,BFSI,Scheduled Walkin,Yes,Yes,Yes,Yes,Yes,Yes
Standard Chartered Bank,BFSI,Scheduled Walkin,Yes,Yes,Yes,Yes,Yes,Yes
Standard Chartered Bank,BFSI,Scheduled Walkin,Yes,Yes,Yes,Yes,Yes,Yes
Standard Chartered Bank,BFSI,Scheduled Walkin,unknown,unknown,unknown,unknown,unknown,Yes
Standard Chartered Bank,BFSI,Scheduled Walkin,unknown,unknown,unknown,unknown,unknown,No
Standard Chartered Bank,BFSI,Scheduled Walkin,Yes,Yes,Yes,Yes,Yes,No
Standard Chartered Bank,BFSI,Scheduled Walkin,Yes,Yes,Yes,Yes,Yes,No
Standard Chartered Bank,BFSI,Scheduled Walkin,unknown,unknown,unknown,unknown,unknown,Yes
Standard Chartered Bank,BFSI,Scheduled Walkin,No,unknown,unknown,unknown,unknown,No
Standard Chartered Bank,BFSI,Scheduled Walkin,Yes,Yes,Yes,Yes,Yes,No
Standard Chartered Bank,BFSI,Scheduled Walkin,Yes,Yes,Yes,Yes,Yes,Yes
Standard Chartered Bank,BFSI,Scheduled Walkin,Yes,Yes,Yes,Yes,Yes,Yes
Standard Chartered Bank,BFSI,Scheduled Walkin,Yes,Yes,Yes,Yes,Yes,Yes
Standard Chartered Bank,BFSI,Scheduled Walkin,unknown,unknown,unknown,unknown,unknown,Yes
Standard Chartered Bank,BFSI,Scheduled Walkin,No,Yes,Yes,Yes,Yes,Yes
Standard Chartered Bank,BFSI,Scheduled Walkin,unknown,unknown,unknown,unknown,unknown,No
Standard Chartered Bank,BFSI,Scheduled Walkin,Yes,Yes,Yes,Yes,Yes,Yes
Standard Chartered Bank,BFSI,Scheduled Walkin,No,unknown,unknown,unknown,unknown,No
Standard Chartered Bank,BFSI,Scheduled Walkin,Yes,Yes,Yes,Yes,Yes,Yes
Standard Chartered Bank,BFSI,Scheduled Walkin,No,unknown,unknown,unknown,unknown,No
Standard Chartered Bank,BFSI,Scheduled Walkin,Yes,Yes,Yes,Yes,Yes,Yes
Standard Chartered Bank,BFSI,Scheduled Walkin,Yes,Yes,Yes,Yes,Yes,Yes
Standard Chartered Bank,BFSI,Scheduled Walkin,Yes,Yes,Yes,Yes,Yes,Yes
Standard Chartered Bank,BFSI,Scheduled Walkin,unknown,unknown,unknown,unknown,unknown,No
Standard Chartered Bank,BFSI,Scheduled Walkin,unknown,unknown,unknown,unknown,unknown,Yes
Standard Chartered Bank,BFSI,Scheduled Walkin,Yes,Yes,Yes,Yes,Yes,No
Standard Chartered Bank,BFSI,Scheduled Walkin,Yes,Yes,Yes,Yes,Yes,No
Standard Chartered Bank,BFSI,Scheduled Walkin,unknown,unknown,unknown,unknown,unknown,Yes
Standard Chartered Bank,BFSI,Scheduled Walkin,Yes,Yes,Yes,Yes,Yes,Yes
Standard Chartered Bank,BFSI,Scheduled Walkin,Yes,Yes,Yes,Yes,Yes,Yes
Standard Chartered Bank,BFSI,Scheduled Walkin,unknown,unknown,unknown,unknown,unknown,yes
Standard Chartered Bank,BFSI,Scheduled Walkin,unknown,unknown,unknown,unknown,unknown,No
Standard Chartered Bank,BFSI,Scheduled Walkin,unknown,unknown,unknown,unknown,unknown,yes
Standard Chartered Bank,BFSI,Scheduled Walkin,unknown,unknown,unknown,unknown,unknown,No
Standard Chartered Bank,BFSI,Scheduled Walkin,unknown,unknown,unknown,unknown,unknown,No
Standard Chartered Bank,BFSI,Scheduled Walkin,Yes,Yes,Yes,Yes,Yes,No
Standard Chartered Bank,BFSI,Scheduled Walkin,unknown,unknown,unknown,unknown,unknown,Yes
Standard Chartered Bank,BFSI,Scheduled Walkin,unknown,unknown,unknown,unknown,unknown,Yes
Standard Chartered Bank,BFSI,Scheduled Walkin,Yes,Yes,Yes,Yes,Yes,Yes
Standard Chartered Bank,BFSI,Scheduled Walkin,unknown,unknown,unknown,unknown,unknown,Yes
Standard Chartered Bank,BFSI,Scheduled Walkin,Yes,Yes,Yes,Yes,Yes,Yes
Standard Chartered Bank,BFSI,Scheduled Walkin,Yes,Yes,Yes,Yes,Yes,Yes
Standard Chartered Bank,BFSI,Scheduled ,Yes,Yes,Yes,Yes,Yes,Yes
Standard Chartered Bank,BFSI,Scheduled ,unknown,unknown,unknown,unknown,unknown,No
Standard Chartered Bank,BFSI,Scheduled ,Yes,Yes,Yes,Yes,Yes,No
Standard Chartered Bank,BFSI,Scheduled ,Yes,Yes,Yes,Yes,Yes,Yes
Standard Chartered Bank,BFSI,Scheduled ,Yes,Yes,Yes,Yes,Yes,Yes
Standard Chartered Bank,BFSI,Scheduled ,Yes,Yes,Yes,Yes,Yes,Yes
Standard Chartered Bank,BFSI,Scheduled ,Yes,Yes,Yes,Yes,Yes,Yes
Standard Chartered Bank,BFSI,Scheduled ,unknown,unknown,unknown,unknown,unknown,No
Standard Chartered Bank,BFSI,Scheduled ,Yes,Yes,Yes,Yes,Yes,No
Standard Chartered Bank,BFSI,Scheduled ,Yes,Yes,Yes,Yes,Yes,Yes
Standard Chartered Bank,BFSI,Scheduled ,Yes,Yes,Yes,Yes,Yes,Yes
Standard Chartered Bank,BFSI,Scheduled ,Yes,Yes,Yes,Yes,Yes,Yes
Standard Chartered Bank,BFSI,Scheduled ,unknown,unknown,unknown,unknown,unknown,No
Standard Chartered Bank,BFSI,Scheduled ,unknown,unknown,unknown,unknown,unknown,Yes
Standard Chartered Bank,BFSI,Scheduled ,Yes,Yes,Yes,Yes,Yes,Yes
Standard Chartered Bank,BFSI,Scheduled ,Yes,Yes,Yes,Yes,Yes,Yes
Standard Chartered Bank,BFSI,Scheduled ,Yes,Yes,Yes,Yes,Yes,Yes
Standard Chartered Bank,BFSI,Scheduled ,Yes,Yes,Yes,Yes,Yes,Yes
Standard Chartered Bank,BFSI,Scheduled ,Yes,Yes,Yes,Yes,Yes,Yes
Standard Chartered Bank,BFSI,Scheduled ,Yes,Yes,Yes,Yes,Yes,Yes
Standard Chartered Bank,BFSI,Walkin ,Yes,Yes,Yes,Yes,Yes,Yes
Standard Chartered Bank,BFSI,Walkin ,Yes,Yes,Yes,Yes,Yes,Yes
Standard Chartered Bank,BFSI,Walkin ,Yes,Yes,Yes,Yes,Yes,No
Standard Chartered Bank,BFSI,Walkin ,Yes,Yes,Yes,Yes,Yes,No
Standard Chartered Bank,BFSI,Walkin ,Yes,Yes,Yes,Yes,Yes,Yes
Standard Chartered Bank,BFSI,Walkin ,Yes,Yes,Yes,Yes,Yes,No
Standard Chartered Bank,BFSI,Walkin ,Yes,Yes,Yes,Yes,Yes,Yes
Standard Chartered Bank,BFSI,Walkin ,Yes,Yes,Yes,Yes,Yes,Yes
Standard Chartered Bank,BFSI,Walkin ,Yes,Yes,Yes,Yes,Yes,Yes
Standard Chartered Bank,BFSI,Walkin ,Yes,Yes,Yes,Yes,Yes,Yes
Standard Chartered Bank,BFSI,Walkin ,Yes,Yes,Yes,Yes,Yes,No
Standard Chartered Bank,BFSI,Walkin ,Yes,Yes,Yes,Yes,Yes,No
Standard Chartered Bank,BFSI,Walkin ,Yes,Yes,Yes,Yes,No,Yes
Standard Chartered Bank,BFSI,Walkin ,Yes,Yes,Yes,Yes,Yes,Yes
Standard Chartered Bank,BFSI,Walkin ,Yes,Yes,Yes,Yes,Yes,Yes
Standard Chartered Bank,BFSI,Walkin ,unknown,unknown,unknown,unknown,unknown,Yes
Standard Chartered Bank,BFSI,Walkin ,Yes,Yes,Yes,Yes,Yes,Yes
Standard Chartered Bank,BFSI,Walkin ,unknown,unknown,unknown,unknown,unknown,No
Standard Chartered Bank,BFSI,Walkin ,Yes,Yes,Yes,Yes,Yes,Yes
Standard Chartered Bank,BFSI,Walkin ,Yes,Yes,Yes,Yes,Yes,Yes
Standard Chartered Bank,BFSI,Walkin ,Yes,Yes,Yes,Yes,Yes,Yes
Standard Chartered Bank,BFSI,Walkin ,Yes,Yes,Yes,Yes,Yes,Yes
Standard Chartered Bank,BFSI,Walkin ,unknown,unknown,unknown,unknown,unknown,Yes
Standard Chartered Bank,BFSI,Walkin ,No,Yes,No,No,No,No
Standard Chartered Bank,BFSI,Walkin ,Yes,Yes,Yes,Yes,Yes,No
Standard Chartered Bank,BFSI,Walkin ,Yes,Yes,Yes,Yes,Yes,No
Standard Chartered Bank,BFSI,Walkin ,unknown,unknown,unknown,unknown,unknown,No
Standard Chartered Bank,BFSI,Scheduled ,Yes,Yes,Yes,Yes,Yes,Yes
Standard Chartered Bank,BFSI,Scheduled ,Yes,Yes,Yes,Yes,Yes,Yes
Standard Chartered Bank,BFSI,Scheduled ,Yes,Yes,Yes,Yes,Yes,Yes
Standard Chartered Bank,BFSI,Scheduled ,unknown,unknown,unknown,unknown,unknown,Yes
Standard Chartered Bank,BFSI,Scheduled ,Yes,Yes,Yes,Yes,Yes,No
Standard Chartered Bank,BFSI,Scheduled ,unknown,unknown,unknown,unknown,unknown,No
Standard Chartered Bank,BFSI,Scheduled ,unknown,unknown,unknown,unknown,unknown,No
Standard Chartered Bank,BFSI,Scheduled ,Yes,Yes,Yes,Yes,Yes,No
Standard Chartered Bank,BFSI,Scheduled ,unknown,unknown,unknown,unknown,unknown,No
Standard Chartered Bank,BFSI,Scheduled ,Yes,Yes,Yes,Yes,Yes,No
Standard Chartered Bank,BFSI,Scheduled ,unknown,unknown,unknown,unknown,unknown,No
Standard Chartered Bank,BFSI,Scheduled ,Yes,Yes,Yes,Yes,Yes,No
Standard Chartered Bank,BFSI,Scheduled ,Yes,Yes,Yes,Yes,Yes,No
Standard Chartered Bank,BFSI,Scheduled ,Yes,Yes,Yes,Yes,Yes,No
Standard Chartered Bank,BFSI,Scheduled ,Yes,Yes,Yes,Yes,Yes,No
Hospira,Pharmaceuticals,Walkin,Yes,Yes,Yes,Yes,Yes,No
Hospira,Pharmaceuticals,Walkin,Yes,Yes,Yes,Yes,Yes,No
Hospira,Pharmaceuticals,Walkin,Yes,Yes,Yes,Yes,Yes,No
Hospira,Pharmaceuticals,Walkin,Yes,Yes,Yes,Yes,Yes,No
Hospira,Pharmaceuticals,Walkin,Yes,Yes,Yes,Yes,Yes,No
Hospira,Pharmaceuticals,Walkin,Yes,Yes,Yes,Yes,Yes,No
Hospira,Pharmaceuticals,Walkin,Yes,Yes,Yes,Yes,Yes,Yes
Hospira,Pharmaceuticals,Walkin,Yes,Yes,Yes,Yes,Yes,No
Hospira,Pharmaceuticals,Walkin,Yes,Yes,Yes,Yes,Yes,No
Hospira,Pharmaceuticals,Walkin,Yes,Yes,Yes,Yes,Yes,No
Hospira,Pharmaceuticals,Walkin,Yes,Yes,Yes,Yes,Yes,No
Hospira,Pharmaceuticals,Walkin,Yes,Yes,Yes,Yes,Yes,No
Hospira,Pharmaceuticals,Walkin,Yes,Yes,Yes,Yes,Yes,No
Hospira,Pharmaceuticals,Walkin,Yes,Yes,Yes,Yes,Yes,No
Hospira,Pharmaceuticals,Walkin,Yes,Yes,Yes,Yes,Yes,No
Hospira,Pharmaceuticals,Walkin,Yes,Yes,Yes,Yes,Yes,No
Hospira,Pharmaceuticals,Walkin,Yes,Yes,Yes,Yes,Yes,No
Hospira,Pharmaceuticals,Walkin,Yes,Yes,Yes,Yes,Yes,No
Hospira,Pharmaceuticals,Walkin,Yes,Yes,Yes,Yes,Yes,No
Hospira,Pharmaceuticals,Walkin,Yes,Yes,Yes,Yes,Yes,No
Hospira,Pharmaceuticals,Walkin,No,unknown,unknown,unknown,unknown,No
Hospira,Pharmaceuticals,Walkin,No,unknown,unknown,unknown,unknown,No
Hospira,Pharmaceuticals,Walkin,No,unknown,unknown,unknown,unknown,No
Hospira,Pharmaceuticals,Walkin,No,unknown,unknown,unknown,unknown,No
Hospira,Pharmaceuticals,Walkin,No,unknown,unknown,unknown,unknown,No
Hospira,Pharmaceuticals,Walkin,No,unknown,unknown,unknown,unknown,No
Hospira,Pharmaceuticals,Walkin,No,unknown,unknown,unknown,unknown,No
Hospira,Pharmaceuticals,Walkin,No,unknown,unknown,unknown,unknown,No
Hospira,Pharmaceuticals,Walkin,No,unknown,unknown,unknown,unknown,No
Hospira,Pharmaceuticals,Walkin,No,unknown,unknown,unknown,unknown,No
Prodapt,Telecom,Scheduled ,Yes,Yes,Yes,Yes,Yes,Yes
Prodapt,Telecom,Scheduled ,Yes,Yes,Yes,Yes,Yes,Yes
Prodapt,Telecom,Scheduled ,Yes,Yes,Yes,Yes,Yes,No
Prodapt,Telecom,Scheduled ,Yes,Yes,Yes,Yes,Yes,No
Prodapt,Telecom,Scheduled ,Yes,Yes,Yes,Yes,Yes,No
Prodapt,Telecom,Scheduled ,Yes,Yes,Yes,Yes,Yes,No
Prodapt,Telecom,Scheduled ,Yes,Yes,Yes,Yes,Yes,No
Prodapt,Telecom,Scheduled ,Yes,Yes,Yes,Yes,Yes,No
Prodapt,Telecom,Scheduled ,Yes,Yes,Yes,Yes,Yes,No
Prodapt,Telecom,Scheduled ,No,unknown,unknown,unknown,unknown,No
Prodapt,Telecom,Scheduled ,No,unknown,unknown,unknown,unknown,No
Prodapt,Telecom,Scheduled ,No,unknown,unknown,unknown,unknown,No
Prodapt,Telecom,Scheduled ,No,unknown,unknown,unknown,unknown,No
Williams Lea,IT,Scheduled ,Yes,Yes,Yes,Yes,Yes,Yes
Williams Lea,IT,Scheduled ,Yes,Yes,Yes,Yes,Yes,Yes
Barclays,BFSI,Scheduled ,Yes,Yes,Yes,Yes,Yes,Yes
Barclays,BFSI,Scheduled ,Yes,Yes,Yes,Yes,Yes,Yes
Barclays,BFSI,Scheduled ,Yes,Yes,Yes,Yes,Yes,Yes
Barclays,BFSI,Scheduled ,Yes,Yes,Yes,Yes,Yes,Yes
Barclays,BFSI,Scheduled ,Yes,Yes,Yes,Yes,Yes,Yes
Hewitt,IT Products and Services,Scheduled ,Yes,Yes,Yes,Yes,Yes,Yes
Hewitt,IT Products and Services,Scheduled ,Yes,Yes,Yes,Yes,Yes,Yes
Hewitt,IT Products and Services,Scheduled ,Yes,Yes,Yes,Yes,Yes,No
Hewitt,IT Products and Services,Scheduled ,Yes,Yes,Yes,Yes,Yes,No
Hewitt,IT Products and Services,Scheduled ,Yes,Yes,Yes,Yes,Yes,No
Hewitt,IT Products and Services,Scheduled ,Yes,Yes,Yes,Yes,Yes,No
Hewitt,IT Products and Services,Scheduled ,Yes,Yes,Yes,Yes,Yes,No
Hewitt,IT Products and Services,Scheduled ,Yes,Yes,Yes,Yes,Yes,No
Hewitt,IT Products and Services,Scheduled ,Yes,Yes,Yes,Yes,No,No
Prodapt,Telecom,Scheduled ,Yes,Yes,Yes,Yes,Yes,Yes
Prodapt,Telecom,Scheduled ,Yes,Yes,Yes,Yes,Yes,No
Prodapt,Telecom,Scheduled ,Yes,Yes,Yes,Yes,Yes,No
Prodapt,Telecom,Scheduled ,Yes,Yes,Yes,Yes,Yes,No
Hewitt,IT Products and Services,Scheduled ,Yes,Yes,Yes,Yes,Yes,No
Hewitt,IT Products and Services,Scheduled ,Yes,Yes,Yes,Yes,Yes,No
Hewitt,IT Products and Services,Scheduled ,Yes,Yes,Yes,Yes,Yes,No
Hewitt,IT Products and Services,Scheduled ,Yes,Yes,Yes,Yes,Yes,No
Hewitt,IT Products and Services,Scheduled ,Yes,Yes,Yes,Yes,Yes,No
Hewitt,IT Products and Services,Scheduled ,Yes,Yes,Yes,Yes,Yes,No
Hewitt,IT Products and Services,Scheduled ,Yes,Yes,Yes,Yes,Yes,No
Hewitt,IT Products and Services,Scheduled ,No,Yes,No,No,No,No
Hewitt,IT Products and Services,Scheduled ,No,Yes,No,No,Yes,No
Hewitt,IT Products and Services,Scheduled ,No,Yes,No,Yes,No,No
Hewitt,IT Products and Services,Scheduled ,No,Yes,Yes,No,No,No
Flextronics,Electronics,Scheduled ,Yes,Yes,Yes,Yes,Yes,Yes
Flextronics,Electronics,Scheduled ,Yes,Yes,Yes,Yes,Yes,Yes
Flextronics,Electronics,Scheduled ,Yes,Yes,Yes,Yes,Yes,Yes
Flextronics,Electronics,Scheduled ,Yes,Yes,Yes,Yes,Yes,Yes
Williams Lea,IT,Scheduled ,Yes,Yes,Yes,Yes,Yes,Yes
Williams Lea,IT,Scheduled ,Yes,Yes,Yes,Yes,Yes,Yes
Williams Lea,IT,Scheduled ,Yes,Yes,Yes,Yes,Yes,Yes
Williams Lea,IT,Scheduled ,Yes,Yes,Yes,Yes,Yes,Yes
Williams Lea,IT,Scheduled ,Yes,Yes,Yes,Yes,Yes,Yes
Williams Lea,IT,Scheduled ,Yes,Yes,Yes,Yes,Yes,Yes
Williams Lea,IT,Scheduled ,No,Yes,No,No,No,No
Williams Lea,IT,Scheduled ,No,Yes,Yes,No,Yes,No
Williams Lea,IT,Scheduled ,No,Yes,No,No,Yes,No
Standard Chartered Bank,BFSI,Scheduled ,Yes,Yes,Yes,Yes,Yes,Yes
Standard Chartered Bank,BFSI,Scheduled ,No,Yes,Yes,No,No,No
Standard Chartered Bank,BFSI,Scheduled ,No,Yes,Yes,No,Yes,No
Standard Chartered Bank,BFSI,Scheduled ,No,Yes,Yes,Yes,No,No
Standard Chartered Bank,BFSI,Scheduled ,Yes,Yes,Yes,Yes,Yes,Yes
Standard Chartered Bank,BFSI,Scheduled ,Yes,Yes,Yes,Yes,Yes,Yes
Standard Chartered Bank,BFSI,Scheduled ,Yes,Yes,Yes,Yes,Yes,Yes
Standard Chartered Bank,BFSI,Scheduled ,Yes,Yes,Yes,Yes,Yes,Yes
Standard Chartered Bank,BFSI,Scheduled ,No,Yes,Yes,Yes,Yes,No
Standard Chartered Bank,BFSI,Scheduled ,No,Yes,Yes,Yes,No,No
Standard Chartered Bank,BFSI,Scheduled ,No,Yes,Yes,Yes,Yes,No
Woori Bank,BFSI,Scheduled ,Yes,Yes,Yes,Yes,Yes,Yes
Aon Hewitt,IT Products and Services,Scheduled ,Yes,Yes,Yes,Yes,Yes,Yes
Aon Hewitt,IT Products and Services,Scheduled ,Yes,Yes,Yes,Yes,Yes,Yes
Aon Hewitt,IT Products and Services,Scheduled ,Yes,Yes,Yes,Yes,Yes,Yes
Aon Hewitt,IT Products and Services,Scheduled ,Yes,Yes,Yes,Yes,Yes,Yes
Aon Hewitt,IT Products and Services,Scheduled ,Yes,Yes,Yes,Yes,Yes,No
Aon Hewitt,IT Products and Services,Scheduled ,Yes,Yes,Yes,Yes,Yes,Yes
Aon Hewitt,IT Products and Services,Scheduled ,Yes,Yes,Yes,Yes,Yes,Yes
Aon Hewitt,IT Products and Services,Scheduled ,unknown,unknown,unknown,unknown,unknown,Yes
Aon Hewitt,IT Products and Services,Scheduled ,Yes,Yes,Yes,Yes,Yes,Yes
Aon Hewitt,IT Products and Services,Scheduled ,Yes,Yes,Yes,Yes,Yes,Yes
Aon Hewitt,IT Products and Services,Scheduled ,Yes,Yes,Yes,Yes,Yes,Yes
Aon Hewitt,IT Products and Services,Scheduled ,Yes,Yes,Yes,Yes,Yes,Yes
Aon Hewitt,IT Products and Services,Scheduled ,Yes,Yes,Yes,Yes,Yes,Yes
Aon Hewitt,IT Products and Services,Scheduled ,Yes,Yes,Yes,Yes,Yes,Yes
Aon Hewitt,IT Products and Services,Scheduled ,Yes,Yes,Yes,Yes,Yes,Yes
Aon Hewitt,IT Products and Services,Scheduled ,Yes,Yes,Yes,Yes,No,Yes
Aon Hewitt,IT Products and Services,Scheduled ,Yes,Yes,Yes,Yes,No,Yes
Aon Hewitt,IT Products and Services,Scheduled ,Yes,Yes,Yes,Yes,No,Yes
Aon Hewitt,IT Products and Services,Scheduled ,Yes,Yes,Yes,Yes,No,Yes
Aon Hewitt,IT Products and Services,Scheduled ,Yes,Yes,Yes,Yes,No,Yes
Standard Chartered Bank,BFSI,Scheduled ,Yes,Yes,Yes,Yes,No,Yes
Standard Chartered Bank,BFSI,Scheduled ,Yes,Yes,Yes,Yes,No,No
Standard Chartered Bank,BFSI,Scheduled ,Yes,Yes,Yes,Yes,Yes,No
Standard Chartered Bank,BFSI,Scheduled ,Yes,Yes,Yes,Yes,Yes,Yes
Standard Chartered Bank,BFSI,Scheduled ,Yes,Yes,Yes,Yes,Yes,No
Standard Chartered Bank,BFSI,Scheduled ,Yes,Yes,Yes,Yes,Yes,Yes
Standard Chartered Bank,BFSI,Scheduled ,Yes,Yes,Yes,Yes,Yes,Yes
Standard Chartered Bank,BFSI,Scheduled ,Yes,Yes,Yes,Yes,No,Yes
Standard Chartered Bank,BFSI,Scheduled ,Yes,Yes,Yes,Yes,No,Yes
Standard Chartered Bank,BFSI,Scheduled ,Yes,Yes,Yes,Yes,No,No
Standard Chartered Bank,BFSI,Scheduled ,Yes,Yes,Yes,Yes,No,No
Standard Chartered Bank,BFSI,Scheduled ,Yes,Yes,Yes,Yes,No,Yes
Standard Chartered Bank,BFSI,Scheduled ,Yes,Yes,Yes,Yes,No,Yes
Standard Chartered Bank,BFSI,Scheduled ,Yes,Yes,Yes,Yes,Yes,Yes
Standard Chartered Bank,BFSI,Scheduled ,Yes,Yes,Yes,Yes,Yes,Yes
Standard Chartered Bank,BFSI,Scheduled ,Yes,Yes,Yes,Yes,Yes,Yes
Standard Chartered Bank,BFSI,Scheduled ,Yes,Yes,Yes,Yes,Yes,No
Standard Chartered Bank,BFSI,Scheduled ,Yes,Yes,Yes,Yes,Yes,Yes
Standard Chartered Bank,BFSI,Scheduled ,Yes,Yes,Yes,Yes,Yes,No
Standard Chartered Bank,BFSI,Scheduled ,No,unknown,unknown,unknown,No,No
Standard Chartered Bank,BFSI,Scheduled ,Yes,Yes,Yes,Yes,Yes,No
Standard Chartered Bank,BFSI,Scheduled ,Yes,Yes,Yes,Yes,Yes,Yes
Standard Chartered Bank,BFSI,Scheduled ,No,yes,No,yes,Yes,yes
Standard Chartered Bank,BFSI,Scheduled ,Yes,Yes,Yes,Yes,Yes,Yes
Standard Chartered Bank,BFSI,Scheduled ,Yes,Yes,Yes,Yes,Yes,Yes
Standard Chartered Bank,BFSI,Scheduled ,Yes,Yes,Yes,Yes,Yes,Yes
Standard Chartered Bank,BFSI,Scheduled ,Yes,Yes,Yes,Yes,Yes,Yes
Standard Chartered Bank,BFSI,Scheduled ,No,unknown,unknown,unknown,No,No
Standard Chartered Bank,BFSI,Scheduled ,Yes,Yes,Yes,Yes,Yes,Yes
Standard Chartered Bank,BFSI,Scheduled ,Yes,Yes,Yes,Yes,Yes,Yes
Standard Chartered Bank,BFSI,Scheduled ,unknown,unknown,unknown,unknown,unknown,Yes
Standard Chartered Bank,BFSI,Scheduled ,No,Yes,Yes,Yes,yes,Yes
Standard Chartered Bank,BFSI,Scheduled ,Yes,Yes,Yes,Yes,Yes,Yes
Standard Chartered Bank,BFSI,Scheduled ,unknown,unknown,unknown,unknown,unknown,Yes
Standard Chartered Bank,BFSI,Scheduled ,unknown,unknown,unknown,unknown,unknown,No
Standard Chartered Bank,BFSI,Scheduled ,unknown,unknown,unknown,unknown,unknown,Yes
Standard Chartered Bank,BFSI,Scheduled ,unknown,unknown,unknown,unknown,unknown,no
Standard Chartered Bank,BFSI,Scheduled ,Yes,Yes,Yes,Yes,Yes,Yes
Standard Chartered Bank,BFSI,Scheduled ,unknown,unknown,unknown,unknown,unknown,yes
Standard Chartered Bank,BFSI,Scheduled ,Yes,Yes,Yes,Yes,Yes,Yes
Standard Chartered Bank,BFSI,Scheduled ,unknown,unknown,unknown,unknown,unknown,No
Standard Chartered Bank,BFSI,Scheduled ,Yes,Yes,Yes,Yes,Yes,Yes
Standard Chartered Bank,BFSI,Scheduled ,Yes,Yes,Yes,Yes,Yes,Yes
Standard Chartered Bank,BFSI,Scheduled ,Yes,Yes,Yes,Yes,No,No
Standard Chartered Bank,BFSI,Scheduled ,unknown,unknown,unknown,unknown,unknown,yes
Standard Chartered Bank,BFSI,Scheduled ,unknown,unknown,unknown,unknown,unknown,yes
Standard Chartered Bank,BFSI,Scheduled ,unknown,unknown,unknown,unknown,unknown,No
Standard Chartered Bank,BFSI,Scheduled ,No,unknown,unknown,unknown,unknown,No
Standard Chartered Bank,BFSI,Scheduled ,Yes,Yes,Yes,Yes,Yes,Yes
Standard Chartered Bank,BFSI,Scheduled ,Yes,Yes,Yes,Yes,Yes,Yes
Standard Chartered Bank,BFSI,Scheduled ,unknown,unknown,unknown,unknown,unknown,Yes
Standard Chartered Bank,BFSI,Scheduled ,Yes,Yes,Yes,Yes,Yes,No
Standard Chartered Bank,BFSI,Scheduled ,Yes,Yes,Yes,Yes,Yes,No
Standard Chartered Bank,BFSI,Scheduled Walkin,Yes,Yes,Yes,Yes,Yes,Yes
Standard Chartered Bank,BFSI,Scheduled Walkin,Yes,Yes,Yes,Yes,Yes,Yes
Standard Chartered Bank,BFSI,Scheduled Walkin,Yes,Yes,Yes,Yes,Yes,Yes
Standard Chartered Bank,BFSI,Scheduled Walkin,unknown,unknown,unknown,unknown,unknown,No
Standard Chartered Bank,BFSI,Scheduled Walkin,Yes,Yes,Yes,Yes,Yes,Yes
Standard Chartered Bank,BFSI,Scheduled Walkin,Yes,Yes,Yes,Yes,Yes,Yes
Standard Chartered Bank,BFSI,Scheduled Walkin,Yes,Yes,Yes,Yes,Yes,Yes
Standard Chartered Bank,BFSI,Scheduled Walkin,Yes,Yes,Yes,Yes,Yes,Yes
Standard Chartered Bank,BFSI,Scheduled Walkin,No,unknown,unknown,unknown,unknown,yes
Standard Chartered Bank,BFSI,Scheduled Walkin,unknown,unknown,unknown,unknown,unknown,No
Standard Chartered Bank,BFSI,Scheduled Walkin,Yes,Yes,Yes,Yes,Yes,Yes
Standard Chartered Bank,BFSI,Scheduled Walkin,Yes,Yes,Yes,Yes,Yes,Yes
Standard Chartered Bank,BFSI,Scheduled Walkin,unknown,unknown,unknown,unknown,unknown,yes
Standard Chartered Bank,BFSI,Scheduled Walkin,unknown,unknown,unknown,unknown,unknown,No
Standard Chartered Bank,BFSI,Scheduled Walkin,No,unknown,unknown,unknown,unknown,No
Standard Chartered Bank,BFSI,Scheduled Walkin,unknown,unknown,unknown,unknown,unknown,Yes
Standard Chartered Bank,BFSI,Scheduled Walkin,No,unknown,unknown,unknown,unknown,yes
Standard Chartered Bank,BFSI,Scheduled Walkin,Yes,Yes,Yes,Yes,Yes,No
Standard Chartered Bank,BFSI,Scheduled Walkin,unknown,unknown,unknown,unknown,unknown,No
Standard Chartered Bank,BFSI,Scheduled Walkin,unknown,unknown,unknown,unknown,unknown,No 
Standard Chartered Bank,BFSI,Scheduled Walkin,unknown,unknown,unknown,unknown,unknown,No
Standard Chartered Bank,BFSI,Scheduled Walkin,Yes,Yes,Yes,Yes,Yes,Yes
Standard Chartered Bank,BFSI,Scheduled Walkin,Yes,Yes,Yes,Yes,Yes,No
Standard Chartered Bank,BFSI,Scheduled Walkin,Yes,Yes,Yes,Yes,Yes,No
Standard Chartered Bank,BFSI,Scheduled Walkin,Yes,Yes,Yes,Yes,Yes,Yes
Standard Chartered Bank,BFSI,Scheduled Walkin,Yes,Yes,Yes,Yes,Yes,Yes
Standard Chartered Bank,BFSI,Scheduled Walkin,Yes,Yes,Yes,Yes,No,Yes
Standard Chartered Bank,BFSI,Scheduled Walkin,Yes,Yes,Yes,Yes,No,Yes
Standard Chartered Bank,BFSI,Scheduled Walkin,Yes,Yes,Yes,Yes,No,Yes
Standard Chartered Bank,BFSI,Scheduled Walkin,Yes,Yes,Yes,Yes,No,Yes
Standard Chartered Bank,BFSI,Scheduled Walkin,Yes,Yes,Yes,Yes,No,Yes
Standard Chartered Bank,BFSI,Scheduled Walkin,Yes,Yes,Yes,Yes,No,No
Standard Chartered Bank,BFSI,Scheduled Walkin,Yes,Yes,Yes,Yes,No,No
Standard Chartered Bank,BFSI,Scheduled Walkin,Yes,Yes,Yes,Yes,No,No
Standard Chartered Bank,BFSI,Scheduled Walkin,Yes,Yes,Yes,Yes,unknown,Yes
Standard Chartered Bank,BFSI,Scheduled Walkin,Yes,Yes,Yes,Yes,unknown,Yes
Standard Chartered Bank,BFSI,Scheduled Walkin,Yes,Yes,Yes,Yes,unknown,No
Standard Chartered Bank,BFSI,Scheduled Walkin,Yes,Yes,Yes,Yes,No,Yes
Standard Chartered Bank,BFSI,Scheduled Walkin,Yes,Yes,Yes,Yes,No,Yes
Standard Chartered Bank,BFSI,Scheduled Walkin,Yes,Yes,Yes,Yes,No,Yes
Standard Chartered Bank,BFSI,Scheduled Walkin,Yes,Yes,Yes,Yes,No,No
Standard Chartered Bank,BFSI,Scheduled Walkin,Yes,Yes,Yes,Yes,No,Yes
Standard Chartered Bank,BFSI,Scheduled Walkin,Yes,Yes,Yes,Yes,Yes,Yes
Standard Chartered Bank,BFSI,Scheduled Walkin,Yes,Yes,No,Yes,Yes,Yes
Standard Chartered Bank,BFSI,Scheduled Walkin,Yes,Yes,No,Yes,Yes,Yes
Standard Chartered Bank,BFSI,Scheduled Walkin,Yes,Yes,No,Yes,Yes,No
Standard Chartered Bank,BFSI,Scheduled Walkin,Yes,Yes,No,Yes,Yes,Yes
Standard Chartered Bank,BFSI,Scheduled Walkin,Yes,Yes,No,Yes,Yes,No
Standard Chartered Bank,BFSI,Scheduled Walkin,Yes,Yes,No,Yes,Yes,No
Standard Chartered Bank,BFSI,Scheduled Walkin,Yes,Yes,No,Yes,Yes,Yes
Standard Chartered Bank,BFSI,Scheduled Walkin,Yes,Yes,No,Yes,Yes,Yes
Standard Chartered Bank,BFSI,Scheduled Walkin,Yes,Yes,No,Yes,Yes,Yes
Standard Chartered Bank,BFSI,Scheduled Walkin,Yes,Yes,No,Yes,Yes,No
Standard Chartered Bank,BFSI,Scheduled Walkin,Yes,Yes,No,Yes,Yes,Yes
Standard Chartered Bank,BFSI,Scheduled Walkin,Yes,Yes,No,Yes,Yes,No
Standard Chartered Bank,BFSI,Scheduled Walkin,Yes,Yes,Yes,Yes,Yes,Yes
Standard Chartered Bank,BFSI,Scheduled Walkin,Yes,Yes,Yes,Yes,Yes,Yes
Standard Chartered Bank,BFSI,Scheduled Walkin,Yes,Yes,Yes,Yes,Yes,Yes
Standard Chartered Bank,BFSI,Scheduled Walkin,Yes,Yes,Yes,Yes,Yes,Yes
Standard Chartered Bank,BFSI,Scheduled Walkin,Yes,Yes,Yes,Yes,Yes,Yes
Standard Chartered Bank,BFSI,Scheduled Walkin,Yes,Yes,Yes,Yes,Yes,unknown
Standard Chartered Bank,BFSI,Scheduled Walkin,Yes,Yes,Yes,Yes,Yes,Yes
Standard Chartered Bank,BFSI,Scheduled Walkin,Yes,Yes,Yes,Yes,Yes,Yes
Standard Chartered Bank,BFSI,Scheduled Walkin,Yes,Yes,Yes,Yes,Yes,Yes
Standard Chartered Bank,BFSI,Scheduled Walkin,Yes,Yes,Yes,Yes,Yes,No
Standard Chartered Bank,BFSI,Scheduled Walkin,Yes,Yes,Yes,Yes,Yes,Yes
Standard Chartered Bank,BFSI,Scheduled Walkin,Yes,Yes,Yes,Yes,Yes,Yes
Standard Chartered Bank,BFSI,Scheduled Walkin,Yes,Yes,Yes,Yes,Yes,No
Standard Chartered Bank,BFSI,Scheduled Walkin,Yes,Yes,Yes,Yes,Yes,Yes
Standard Chartered Bank,BFSI,Scheduled Walkin,Yes,Yes,Yes,Yes,Yes,No
Standard Chartered Bank,BFSI,Scheduled Walkin,Yes,Yes,Yes,Yes,Yes,No
Standard Chartered Bank,BFSI,Scheduled Walkin,Yes,Yes,Yes,Yes,Yes,No
Standard Chartered Bank,BFSI,Scheduled Walkin,Yes,Yes,Yes,Yes,Yes,No
Standard Chartered Bank,BFSI,Scheduled Walkin,Yes,Yes,Yes,Yes,Yes,Yes
Standard Chartered Bank,BFSI,Scheduled Walkin,Yes,Yes,unknown,Yes,Yes,No
Standard Chartered Bank,BFSI,Scheduled Walkin,Yes,Yes,unknown,Yes,Yes,No
Standard Chartered Bank,BFSI,Scheduled Walkin,Yes,Yes,unknown,Yes,Yes,Yes
Standard Chartered Bank,BFSI,Scheduled Walkin,Yes,Yes,unknown,Yes,Yes,Yes
Standard Chartered Bank,BFSI,Scheduled Walkin,Yes,Yes,unknown,Yes,Yes,Yes
Standard Chartered Bank,BFSI,Scheduled Walkin,Yes,Yes,unknown,Yes,Yes,unknown
Standard Chartered Bank,BFSI,Scheduled Walkin,Yes,Yes,unknown,Yes,Yes,unknown
Standard Chartered Bank,BFSI,Scheduled Walkin,Yes,Yes,unknown,Yes,Yes,No
Standard Chartered Bank,BFSI,Scheduled Walkin,Yes,Yes,unknown,Yes,Yes,Yes
Standard Chartered Bank,BFSI,Scheduled Walkin,Yes,Yes,unknown,Yes,Yes,unknown
Standard Chartered Bank,BFSI,Scheduled Walkin,Yes,Yes,unknown,Yes,Yes,unknown
Standard Chartered Bank,BFSI,Scheduled Walkin,Yes,Yes,No,Yes,Yes,unknown
Standard Chartered Bank,BFSI,Scheduled Walkin,Yes,Yes,No,Yes,Yes,Yes
Standard Chartered Bank,BFSI,Scheduled Walkin,Yes,Yes,unknown,Yes,Yes,Yes
Standard Chartered Bank,BFSI,Scheduled Walkin,Yes,Yes,unknown,Yes,Yes,Yes
Standard Chartered Bank,BFSI,Scheduled Walkin,Yes,Yes,unknown,Yes,Yes,Yes
Standard Chartered Bank,BFSI,Scheduled Walkin,Yes,unknown,unknown,Yes,Yes,Yes
Standard Chartered Bank,BFSI,Scheduled Walkin,Yes,Yes,unknown,Yes,Yes,Yes
Standard Chartered Bank,BFSI,Scheduled Walkin,Yes,Yes,unknown,Yes,Yes,No
Standard Chartered Bank,BFSI,Scheduled Walkin,Yes,No,unknown,Yes,Yes,No
Standard Chartered Bank,BFSI,Scheduled Walkin,Yes,No,unknown,Yes,Yes,No
Standard Chartered Bank,BFSI,Scheduled Walkin,Yes,No,unknown,Yes,Yes,Yes
Standard Chartered Bank,BFSI,Scheduled Walkin,Yes,unknown,Yes,Yes,Yes,Yes
Standard Chartered Bank,BFSI,Scheduled Walkin,Yes,No,Yes,Yes,Yes,Yes
Standard Chartered Bank,BFSI,Scheduled Walkin,Yes,No,Yes,Yes,Yes,Yes
Standard Chartered Bank,BFSI,Scheduled Walkin,No,Yes,Yes,Yes,Yes,No
Standard Chartered Bank,BFSI,Scheduled Walkin,No,Yes,Yes,Yes,Yes,Yes
Standard Chartered Bank,BFSI,Scheduled Walkin,No,Yes,Yes,Yes,Yes,Yes
Standard Chartered Bank,BFSI,Scheduled Walkin,No,Yes,Yes,Yes,Yes,Yes
Standard Chartered Bank,BFSI,Scheduled Walkin,No,Yes,Yes,Yes,Yes,Yes
Standard Chartered Bank,BFSI,Scheduled Walkin,No,Yes,Yes,Yes,Yes,No
Standard Chartered Bank,BFSI,Scheduled Walkin,No,Yes,Yes,Yes,Yes,Yes
Standard Chartered Bank,BFSI,Scheduled Walkin,No,Yes,Yes,Yes,Yes,Yes
Standard Chartered Bank,BFSI,Scheduled Walkin,No,Yes,Yes,Yes,Yes,No
Standard Chartered Bank,BFSI,Scheduled Walkin,Yes,Yes,Yes,Yes,Yes,Yes
Standard Chartered Bank,BFSI,Scheduled Walkin,Yes,Yes,Yes,Yes,Yes,unknown
Standard Chartered Bank,BFSI,Scheduled Walkin,Yes,Yes,Yes,Yes,Yes,unknown
Standard Chartered Bank,BFSI,Scheduled Walkin,Yes,Yes,Yes,Yes,Yes,Yes
Standard Chartered Bank,BFSI,Scheduled Walkin,Yes,Yes,Yes,Yes,Yes,No
Standard Chartered Bank,BFSI,Scheduled Walkin,Yes,Yes,Yes,Yes,Yes,No
Standard Chartered Bank,BFSI,Scheduled Walkin,Yes,Yes,Yes,Yes,Yes,No
Standard Chartered Bank,BFSI,Scheduled Walkin,Yes,Yes,Yes,No,Yes,No
Standard Chartered Bank,BFSI,Scheduled Walkin,Yes,Yes,Yes,No,Yes,No
Standard Chartered Bank,BFSI,Scheduled Walkin,Yes,Yes,Yes,No,Yes,No
Standard Chartered Bank,BFSI,Scheduled Walkin,Yes,unknown,Yes,No,Yes,Yes
Standard Chartered Bank,BFSI,Scheduled Walkin,Yes,unknown,Yes,No,Yes,Yes
Standard Chartered Bank,BFSI,Scheduled Walkin,Yes,unknown,Yes,No,Yes,Yes
Standard Chartered Bank,BFSI,Scheduled Walkin,Yes,unknown,Yes,No,Yes,Yes
Standard Chartered Bank,BFSI,Scheduled Walkin,No,unknown,Yes,No,Yes,No 
Standard Chartered Bank,BFSI,Scheduled Walkin,unknown,No,Yes,No,Yes,Yes
Standard Chartered Bank,BFSI,Scheduled Walkin,Yes,unknown,Yes,No,Yes,No
Standard Chartered Bank,BFSI,Scheduled Walkin,No,unknown,Yes,No,Yes,No 
Standard Chartered Bank,BFSI,Scheduled Walkin,No,unknown,Yes,No,Yes,Yes
Standard Chartered Bank,BFSI,Scheduled Walkin,No,No,Yes,No,Yes,Yes
Standard Chartered Bank,BFSI,Scheduled Walkin,No,unknown,Yes,No,Yes,Yes
Standard Chartered Bank,BFSI,Scheduled Walkin,No,Yes,Yes,No,Yes,Yes
Standard Chartered Bank,BFSI,Scheduled Walkin,Yes,Yes,Yes,No,Yes,No
Standard Chartered Bank,BFSI,Scheduled Walkin,Yes,No,Yes,No,Yes,Yes
Standard Chartered Bank,BFSI,Scheduled Walkin,Yes,No,Yes,No,Yes,Yes
Standard Chartered Bank,BFSI,Scheduled Walkin,Yes,Yes,Yes,No,Yes,No
Standard Chartered Bank,BFSI,Scheduled Walkin,Yes,Yes,Yes,No,Yes,No
Standard Chartered Bank,BFSI,Scheduled Walkin,Yes,Yes,Yes,No,Yes,Yes
Standard Chartered Bank,BFSI,Scheduled Walkin,Yes,Yes,No,No,Yes,Yes
Standard Chartered Bank,BFSI,Scheduled Walkin,No,Yes,No,Yes,Yes,No
Standard Chartered Bank,BFSI,Scheduled Walkin,No,Yes,No,Yes,Yes,No
Standard Chartered Bank,BFSI,Scheduled Walkin,No,Yes,No,Yes,Yes,No
Standard Chartered Bank,BFSI,Scheduled Walkin,No,Yes,No,Yes,Yes,No
Standard Chartered Bank,BFSI,Scheduled Walkin,No,Yes,No,Yes,Yes,No
Standard Chartered Bank,BFSI,Scheduled Walkin,No,Yes,No,Yes,Yes,No
Standard Chartered Bank,BFSI,Scheduled Walkin,No,Yes,No,Yes,Yes,No
Standard Chartered Bank,BFSI,Scheduled Walkin,No,Yes,No,Yes,Yes,No 
Standard Chartered Bank,BFSI,Scheduled Walkin,No,No,No,Yes,Yes,No
Standard Chartered Bank,BFSI,Scheduled Walkin,No,No,No,Yes,Yes,Yes
Standard Chartered Bank,BFSI,Scheduled Walkin,Yes,No,No,Yes,Yes,Yes
Standard Chartered Bank,BFSI,Scheduled Walkin,Yes,No,No,Yes,Yes,No
Pfizer,Pharmaceuticals,Scheduled ,Yes,No,Yes,Yes,Yes,Yes
Pfizer,Pharmaceuticals,Scheduled ,Yes,No,Yes,Yes,Yes,Yes
Pfizer,Pharmaceuticals,Scheduled ,Yes,No,Yes,Yes,Yes,Yes
Pfizer,Pharmaceuticals,Scheduled ,Yes,No,Yes,Yes,Yes,Yes
Pfizer,Pharmaceuticals,Scheduled ,Yes,No,Yes,Yes,Yes,Yes
Pfizer,Pharmaceuticals,Scheduled ,No,No,Yes,Yes,Yes,Yes
Pfizer,Pharmaceuticals,Scheduled ,unknown,No,Yes,Yes,Yes,unknown
Pfizer,Pharmaceuticals,Scheduled ,Yes,Yes,Yes,Yes,Yes,unknown
Pfizer,Pharmaceuticals,Scheduled ,No,Yes,Yes,Yes,Yes,Yes
Pfizer,Pharmaceuticals,Scheduled ,Yes,Yes,Yes,Yes,Yes,unknown
Pfizer,Pharmaceuticals,Scheduled ,Yes,unknown,Yes,Yes,Yes,No
Pfizer,Pharmaceuticals,Scheduled ,Yes,Yes,Yes,Yes,Yes,No
Pfizer,Pharmaceuticals,Scheduled ,Yes,Yes,Yes,Yes,Yes,No
Pfizer,Pharmaceuticals,Scheduled ,Yes,Yes,Yes,Yes,Yes,No
Pfizer,Pharmaceuticals,Scheduled ,Yes,Yes,Yes,Yes,Yes,No
Pfizer,Pharmaceuticals,Scheduled ,unknown,unknown,unknown,unknown,unknown,No
